stock_code,year,period,statement_type,field_code,field_name,value,display_order
000028,2022,annual,cash_flow,F123N,净利润,1772000000.0,85
000028,2022,annual,cash_flow,F125N,固定资产折旧,1240000000.0,87
000028,2022,annual,cash_flow,F127N,长期待摊费用摊销,180000000.0,89
000028,2022,annual,cash_flow,F131N,投资损失,-139000000.0,93
000028,2022,annual,cash_flow,F134N,存货的减少,-218000000.00000003,96
000028,2022,annual,cash_flow,F135N,经营性应收项目的减少,1227000000.0,97
000028,2022,annual,cash_flow,F136N,经营性应付项目的增加,-1948999999.9999998,98
000028,2021,annual,cash_flow,F123N,净利润,1528000000.0,85
000028,2021,annual,cash_flow,F124N,资产减值准备,286000000.0,86
000028,2021,annual,cash_flow,F125N,固定资产折旧,1204000000.0,87
000028,2021,annual,cash_flow,F127N,长期待摊费用摊销,163000000.0,89
000028,2021,annual,cash_flow,F131N,投资损失,-292000000.0,93
000028,2021,annual,cash_flow,F134N,存货的减少,-1260000000.0,96
000028,2021,annual,cash_flow,F135N,经营性应收项目的减少,-2121000000.0,97
000028,2021,annual,cash_flow,F136N,经营性应付项目的增加,2135000000.0000002,98
000028,2020,annual,cash_flow,F123N,净利润,1721000000.0,85
000028,2020,annual,cash_flow,F125N,固定资产折旧,1007000000.0,87
000028,2020,annual,cash_flow,F127N,长期待摊费用摊销,136000000.0,89
000028,2020,annual,cash_flow,F131N,投资损失,-284000000.0,93
000028,2020,annual,cash_flow,F134N,存货的减少,-405999999.99999994,96
000028,2020,annual,cash_flow,F135N,经营性应收项目的减少,-2990000000.0,97
000028,2020,annual,cash_flow,F136N,经营性应付项目的增加,2125000000.0,98
