stock_code,year,period,statement_type,field_code,field_name,value,display_order
000031,2022,annual,cash_flow,F123N,净利润,-2223000000.0,85
000031,2022,annual,cash_flow,F124N,资产减值准备,1532000000.0,86
000031,2022,annual,cash_flow,F125N,固定资产折旧,1317000000.0,87
000031,2022,annual,cash_flow,F126N,无形资产摊销,227999999.99999997,88
000031,2022,annual,cash_flow,F131N,投资损失,2156000000.0,93
000031,2022,annual,cash_flow,F132N,递延所得税资产减少,229999999.99999997,94
000031,2022,annual,cash_flow,F134N,存货的减少,7034999999.999999,96
000031,2022,annual,cash_flow,F135N,经营性应收项目的减少,802000000.0,97
000031,2022,annual,cash_flow,F136N,经营性应付项目的增加,-10551000000.0,98
000031,2021,annual,cash_flow,F123N,净利润,767000000.0,85
000031,2021,annual,cash_flow,F124N,资产减值准备,1980000000.0,86
000031,2021,annual,cash_flow,F125N,固定资产折旧,1193000000.0,87
000031,2021,annual,cash_flow,F126N,无形资产摊销,212000000.0,88
000031,2021,annual,cash_flow,F131N,投资损失,1435000000.0,93
000031,2021,annual,cash_flow,F132N,递延所得税资产减少,554000000.0,94
000031,2021,annual,cash_flow,F134N,存货的减少,-15044000000.0,96
000031,2021,annual,cash_flow,F135N,经营性应收项目的减少,-293000000.0,97
000031,2021,annual,cash_flow,F136N,经营性应付项目的增加,-459999999.99999994,98
000031,2020,annual,cash_flow,F123N,净利润,1123000000.0,85
000031,2020,annual,cash_flow,F124N,资产减值准备,722000000.0,86
000031,2020,annual,cash_flow,F125N,固定资产折旧,1112000000.0,87
000031,2020,annual,cash_flow,F126N,无形资产摊销,213000000.0,88
000031,2020,annual,cash_flow,F131N,投资损失,1217000000.0,93
000031,2020,annual,cash_flow,F132N,递延所得税资产减少,-264000000.0,94
000031,2020,annual,cash_flow,F134N,存货的减少,-9141000000.0,96
000031,2020,annual,cash_flow,F135N,经营性应收项目的减少,-1292000000.0,97
000031,2020,annual,cash_flow,F136N,经营性应付项目的增加,14375000000.0,98
