stock_code,year,period,statement_type,field_code,field_name,value,display_order
000090,2022,annual,cash_flow,F123N,净利润,7811000000.0,85
000090,2022,annual,cash_flow,F124N,资产减值准备,9097000000.0,86
000090,2022,annual,cash_flow,F127N,长期待摊费用摊销,1973000000.0,89
000090,2022,annual,cash_flow,F128N,处置固定资产损失,655000000.0,90
000090,2022,annual,cash_flow,F129N,固定资产报废损失,326000000.0,91
000090,2022,annual,cash_flow,F134N,存货的减少,474000000.0,96
000090,2022,annual,cash_flow,F136N,经营性应付项目的增加,658000000.0,98
000090,2021,annual,cash_flow,F123N,净利润,8279000000.000001,85
000090,2021,annual,cash_flow,F124N,资产减值准备,7811000000.0,86
000090,2021,annual,cash_flow,F127N,长期待摊费用摊销,1952000000.0,89
000090,2021,annual,cash_flow,F128N,处置固定资产损失,312000000.0,90
000090,2021,annual,cash_flow,F129N,固定资产报废损失,231999999.99999997,91
000090,2021,annual,cash_flow,F134N,存货的减少,351000000.0,96
000090,2021,annual,cash_flow,F136N,经营性应付项目的增加,-1605000000.0,98
000090,2021,annual,cash_flow,F137N,其他,-533000000.0,99
000090,2020,annual,cash_flow,F123N,净利润,4440000000.0,85
000090,2020,annual,cash_flow,F124N,资产减值准备,8279000000.000001,86
000090,2020,annual,cash_flow,F127N,长期待摊费用摊销,1489000000.0,89
000090,2020,annual,cash_flow,F128N,处置固定资产损失,105000000.0,90
000090,2020,annual,cash_flow,F129N,固定资产报废损失,158000000.0,91
000090,2020,annual,cash_flow,F134N,存货的减少,237000000.0,96
000090,2020,annual,cash_flow,F136N,经营性应付项目的增加,-120000000.0,98
000090,2020,annual,cash_flow,F137N,其他,386000000.0,99
