stock_code,year,period,statement_type,field_code,field_name,value,display_order
000009,2022,annual,cash_flow,F123N,净利润,2468000000.0,85
000009,2022,annual,cash_flow,F124N,资产减值准备,161000000.0,86
000009,2022,annual,cash_flow,F125N,固定资产折旧,751000000.0,87
000009,2022,annual,cash_flow,F131N,投资损失,-1119000000.0,93
000009,2022,annual,cash_flow,F134N,存货的减少,-2079000000.0,96
000009,2022,annual,cash_flow,F135N,经营性应收项目的减少,-6100000000.0,97
000009,2022,annual,cash_flow,F136N,经营性应付项目的增加,5213000000.0,98
000009,2021,annual,cash_flow,F123N,净利润,1759000000.0,85
000009,2021,annual,cash_flow,F124N,资产减值准备,191000000.0,86
000009,2021,annual,cash_flow,F125N,固定资产折旧,622000000.0,87
000009,2021,annual,cash_flow,F131N,投资损失,-900000000.0,93
000009,2021,annual,cash_flow,F134N,存货的减少,-1311000000.0,96
000009,2021,annual,cash_flow,F135N,经营性应收项目的减少,-3395000000.0000005,97
000009,2021,annual,cash_flow,F136N,经营性应付项目的增加,1785000000.0000002,98
000009,2020,annual,cash_flow,F123N,净利润,1068000000.0,85
000009,2020,annual,cash_flow,F124N,资产减值准备,256000000.0,86
000009,2020,annual,cash_flow,F125N,固定资产折旧,449000000.0,87
000009,2020,annual,cash_flow,F130N,公允价值变动损失,-509999999.99999994,92
000009,2020,annual,cash_flow,F131N,投资损失,-558000000.0,93
000009,2020,annual,cash_flow,F135N,经营性应收项目的减少,-1191000000.0,97
000009,2020,annual,cash_flow,F136N,经营性应付项目的增加,204999999.99999997,98
