stock_code,year,period,statement_type,field_code,field_name,value,display_order
000419,2022,annual,cash_flow,F123N,净利润,830000000.0000001,85
000419,2022,annual,cash_flow,F126N,无形资产摊销,166000000.0,88
000419,2022,annual,cash_flow,F128N,处置固定资产损失,132000000.0,90
000419,2021,annual,cash_flow,F123N,净利润,1063000000.0000001,85
000419,2021,annual,cash_flow,F126N,无形资产摊销,161000000.0,88
000419,2021,annual,cash_flow,F128N,处置固定资产损失,148000000.0,90
000419,2020,annual,cash_flow,F123N,净利润,971000000.0000001,85
000419,2020,annual,cash_flow,F126N,无形资产摊销,206999999.99999997,88
000419,2020,annual,cash_flow,F134N,存货的减少,-107000000.0,96
