stock_code,year,period,statement_type,field_code,field_name,value,display_order
000403,2022,annual,cash_flow,F123N,净利润,588000000.0,85
000403,2022,annual,cash_flow,F125N,固定资产折旧,112000000.00000001,87
000403,2022,annual,cash_flow,F134N,存货的减少,115999999.99999999,96
000403,2022,annual,cash_flow,F135N,经营性应收项目的减少,-329000000.0,97
000403,2021,annual,cash_flow,F123N,净利润,392000000.0,85
000403,2021,annual,cash_flow,F124N,资产减值准备,104000000.0,86
000403,2021,annual,cash_flow,F125N,固定资产折旧,104000000.0,87
000403,2021,annual,cash_flow,F135N,经营性应收项目的减少,-197000000.0,97
000403,2020,annual,cash_flow,F123N,净利润,183000000.0,85
