stock_code,year,period,statement_type,field_code,field_name,value,display_order
000413,2022,annual,cash_flow,F123N,净利润,-1795000000.0,85
000413,2022,annual,cash_flow,F124N,资产减值准备,2085000000.0000002,86
000413,2022,annual,cash_flow,F125N,固定资产折旧,507000000.0,87
000413,2022,annual,cash_flow,F126N,无形资产摊销,383000000.0,88
000413,2022,annual,cash_flow,F131N,投资损失,-1440000000.0,93
000413,2022,annual,cash_flow,F132N,递延所得税资产减少,-396000000.0,94
000413,2022,annual,cash_flow,F135N,经营性应收项目的减少,405999999.99999994,97
000413,2022,annual,cash_flow,F136N,经营性应付项目的增加,-725000000.0,98
000413,2021,annual,cash_flow,F123N,净利润,-2862000000.0,85
000413,2021,annual,cash_flow,F124N,资产减值准备,869999999.9999999,86
000413,2021,annual,cash_flow,F125N,固定资产折旧,565000000.0,87
000413,2021,annual,cash_flow,F126N,无形资产摊销,381000000.0,88
000413,2021,annual,cash_flow,F128N,处置固定资产损失,256000000.0,90
000413,2021,annual,cash_flow,F131N,投资损失,123000000.0,93
000413,2021,annual,cash_flow,F132N,递延所得税资产减少,-217000000.0,94
000413,2021,annual,cash_flow,F134N,存货的减少,388000000.0,96
000413,2021,annual,cash_flow,F135N,经营性应收项目的减少,-1116000000.0,97
000413,2021,annual,cash_flow,F136N,经营性应付项目的增加,1810000000.0000002,98
000413,2020,annual,cash_flow,F123N,净利润,-3472999999.9999995,85
000413,2020,annual,cash_flow,F124N,资产减值准备,1042000000.0,86
000413,2020,annual,cash_flow,F125N,固定资产折旧,596000000.0,87
000413,2020,annual,cash_flow,F126N,无形资产摊销,188000000.0,88
000413,2020,annual,cash_flow,F131N,投资损失,145000000.0,93
000413,2020,annual,cash_flow,F134N,存货的减少,-595000000.0,96
000413,2020,annual,cash_flow,F135N,经营性应收项目的减少,2688000000.0,97
