stock_code,year,period,statement_type,field_code,field_name,value,display_order
000557,2022,annual,cash_flow,F123N,净利润,238000000.0,85
000557,2022,annual,cash_flow,F125N,固定资产折旧,191000000.0,87
000557,2022,annual,cash_flow,F128N,处置固定资产损失,-7300.0,90
000557,2021,annual,cash_flow,F123N,净利润,225999999.99999997,85
000557,2021,annual,cash_flow,F125N,固定资产折旧,134000000.00000001,87
000557,2021,annual,cash_flow,F135N,经营性应收项目的减少,-258000000.0,97
000557,2021,annual,cash_flow,F136N,经营性应付项目的增加,109000000.00000001,98
000557,2020,annual,cash_flow,F123N,净利润,172000000.0,85
000557,2020,annual,cash_flow,F125N,固定资产折旧,135000000.0,87
