stock_code,year,period,statement_type,field_code,field_name,value,display_order
000538,2022,annual,cash_flow,F123N,净利润,2840000000.0,85
000538,2022,annual,cash_flow,F124N,资产减值准备,1389000000.0,86
000538,2022,annual,cash_flow,F125N,固定资产折旧,426000000.0,87
000538,2022,annual,cash_flow,F130N,公允价值变动损失,620000000.0,92
000538,2022,annual,cash_flow,F131N,投资损失,-868000000.0,93
000538,2022,annual,cash_flow,F132N,递延所得税资产减少,-199000000.0,94
000538,2022,annual,cash_flow,F134N,存货的减少,339000000.0,96
000538,2022,annual,cash_flow,F135N,经营性应收项目的减少,-2055000000.0,97
000538,2022,annual,cash_flow,F136N,经营性应付项目的增加,1167000000.0,98
000538,2021,annual,cash_flow,F123N,净利润,2798000000.0,85
000538,2021,annual,cash_flow,F124N,资产减值准备,418000000.0,86
000538,2021,annual,cash_flow,F125N,固定资产折旧,325000000.0,87
000538,2021,annual,cash_flow,F130N,公允价值变动损失,1929000000.0,92
000538,2021,annual,cash_flow,F131N,投资损失,-1044000000.0,93
000538,2021,annual,cash_flow,F133N,递延所得税负债增加,-280000000.0,95
000538,2021,annual,cash_flow,F134N,存货的减少,3247999999.9999995,96
000538,2021,annual,cash_flow,F135N,经营性应收项目的减少,-1312000000.0,97
000538,2021,annual,cash_flow,F136N,经营性应付项目的增加,-1847000000.0,98
000538,2020,annual,cash_flow,F123N,净利润,5511000000.0,85
000538,2020,annual,cash_flow,F124N,资产减值准备,125000000.0,86
000538,2020,annual,cash_flow,F125N,固定资产折旧,144000000.0,87
000538,2020,annual,cash_flow,F130N,公允价值变动损失,-2240000000.0,92
000538,2020,annual,cash_flow,F131N,投资损失,-392000000.0,93
000538,2020,annual,cash_flow,F132N,递延所得税资产减少,-110000000.00000001,94
000538,2020,annual,cash_flow,F133N,递延所得税负债增加,166000000.0,95
000538,2020,annual,cash_flow,F134N,存货的减少,631000000.0,96
000538,2020,annual,cash_flow,F135N,经营性应收项目的减少,-7578000000.0,97
000538,2020,annual,cash_flow,F136N,经营性应付项目的增加,7506000000.0,98
