stock_code,year,period,statement_type,field_code,field_name,value,display_order
000501,2022,annual,cash_flow,F123N,净利润,2256000000.0,85
000501,2022,annual,cash_flow,F126N,无形资产摊销,302000000.0,88
000501,2022,annual,cash_flow,F128N,处置固定资产损失,381000000.0,90
000501,2022,annual,cash_flow,F129N,固定资产报废损失,103000000.0,91
000501,2022,annual,cash_flow,F132N,递延所得税资产减少,165000000.0,94
000501,2022,annual,cash_flow,F137N,其他,349000000.0,99
000501,2021,annual,cash_flow,F123N,净利润,2158000000.0,85
000501,2021,annual,cash_flow,F126N,无形资产摊销,752000000.0,88
000501,2021,annual,cash_flow,F128N,处置固定资产损失,383000000.0,90
000501,2021,annual,cash_flow,F132N,递延所得税资产减少,144000000.0,94
000501,2021,annual,cash_flow,F136N,经营性应付项目的增加,371000000.0,98
000501,2021,annual,cash_flow,F137N,其他,530999999.99999994,99
000501,2020,annual,cash_flow,F123N,净利润,1894000000.0000002,85
000501,2020,annual,cash_flow,F126N,无形资产摊销,547000000.0,88
000501,2020,annual,cash_flow,F128N,处置固定资产损失,211000000.0,90
000501,2020,annual,cash_flow,F132N,递延所得税资产减少,108000000.0,94
000501,2020,annual,cash_flow,F136N,经营性应付项目的增加,1426000000.0,98
000501,2020,annual,cash_flow,F137N,其他,-1126000000.0,99
