stock_code,year,period,statement_type,field_code,field_name,value,display_order
000564,2022,annual,cash_flow,F123N,净利润,469000000.00000006,85
000564,2022,annual,cash_flow,F124N,资产减值准备,190000000.0,86
000564,2022,annual,cash_flow,F127N,长期待摊费用摊销,-947000000.0000001,89
000564,2022,annual,cash_flow,F128N,处置固定资产损失,240000000.0,90
000564,2022,annual,cash_flow,F129N,固定资产报废损失,221000000.0,91
000564,2022,annual,cash_flow,F133N,递延所得税负债增加,859000000.0,95
000564,2022,annual,cash_flow,F134N,存货的减少,391000000.0,96
000564,2022,annual,cash_flow,F135N,经营性应收项目的减少,-1048000000.0,97
000564,2021,annual,cash_flow,F123N,净利润,405000000.0,85
000564,2021,annual,cash_flow,F124N,资产减值准备,469000000.00000006,86
000564,2021,annual,cash_flow,F127N,长期待摊费用摊销,-721000000.0,89
000564,2021,annual,cash_flow,F128N,处置固定资产损失,511000000.00000006,90
000564,2021,annual,cash_flow,F129N,固定资产报废损失,256999999.99999997,91
000564,2021,annual,cash_flow,F133N,递延所得税负债增加,1616000000.0,95
000564,2021,annual,cash_flow,F134N,存货的减少,192000000.0,96
000564,2021,annual,cash_flow,F135N,经营性应收项目的减少,-1900000000.0,97
000564,2021,annual,cash_flow,F137N,其他,-374000000.0,99
000564,2020,annual,cash_flow,F123N,净利润,1108000000.0,85
000564,2020,annual,cash_flow,F124N,资产减值准备,405000000.0,86
000564,2020,annual,cash_flow,F127N,长期待摊费用摊销,-4606000000.0,89
000564,2020,annual,cash_flow,F128N,处置固定资产损失,2846000000.0,90
000564,2020,annual,cash_flow,F129N,固定资产报废损失,193000000.0,91
000564,2020,annual,cash_flow,F133N,递延所得税负债增加,453000000.0,95
000564,2020,annual,cash_flow,F134N,存货的减少,580000000.0,96
000564,2020,annual,cash_flow,F135N,经营性应收项目的减少,-271000000.0,97
000564,2020,annual,cash_flow,F137N,其他,-156000000.0,99
