stock_code,year,period,statement_type,field_code,field_name,value,display_order
000596,2022,annual,cash_flow,F123N,净利润,13105000000.000002,85
000596,2022,annual,cash_flow,F126N,无形资产摊销,3252000000.0000005,88
000596,2022,annual,cash_flow,F128N,处置固定资产损失,241000000.0,90
000596,2022,annual,cash_flow,F133N,递延所得税负债增加,-136000000.0,95
000596,2022,annual,cash_flow,F135N,经营性应收项目的减少,-141000000.0,97
000596,2022,annual,cash_flow,F137N,其他,-1387000000.0,99
000596,2021,annual,cash_flow,F123N,净利润,6058000000.0,85
000596,2021,annual,cash_flow,F126N,无形资产摊销,2374000000.0,88
000596,2021,annual,cash_flow,F128N,处置固定资产损失,239000000.0,90
000596,2021,annual,cash_flow,F135N,经营性应收项目的减少,-187000000.0,97
000596,2021,annual,cash_flow,F137N,其他,-1253000000.0,99
000596,2020,annual,cash_flow,F123N,净利润,5637000000.0,85
000596,2020,annual,cash_flow,F126N,无形资产摊销,1848000000.0,88
000596,2020,annual,cash_flow,F128N,处置固定资产损失,214000000.0,90
000596,2020,annual,cash_flow,F137N,其他,-415000000.00000006,99
