stock_code,year,period,statement_type,field_code,field_name,value,display_order
000627,2022,annual,cash_flow,F123N,净利润,511000000.00000006,85
000627,2022,annual,cash_flow,F124N,资产减值准备,164000000.0,86
000627,2022,annual,cash_flow,F130N,公允价值变动损失,432000000.0,92
000627,2022,annual,cash_flow,F131N,投资损失,-10427000000.0,93
000627,2022,annual,cash_flow,F132N,递延所得税资产减少,-359000000.0,94
000627,2022,annual,cash_flow,F134N,存货的减少,-280000000.0,96
000627,2022,annual,cash_flow,F135N,经营性应收项目的减少,1642000000.0000002,97
000627,2022,annual,cash_flow,F136N,经营性应付项目的增加,15018000000.0,98
000627,2021,annual,cash_flow,F123N,净利润,880000000.0000001,85
000627,2021,annual,cash_flow,F124N,资产减值准备,1069000000.0,86
000627,2021,annual,cash_flow,F131N,投资损失,-10379000000.0,93
000627,2021,annual,cash_flow,F132N,递延所得税资产减少,-715000000.0,94
000627,2021,annual,cash_flow,F133N,递延所得税负债增加,-235000000.0,95
000627,2021,annual,cash_flow,F134N,存货的减少,471000000.0,96
000627,2021,annual,cash_flow,F135N,经营性应收项目的减少,-609000000.0,97
000627,2021,annual,cash_flow,F136N,经营性应付项目的增加,13022000000.0,98
000627,2020,annual,cash_flow,F123N,净利润,1118000000.0,85
000627,2020,annual,cash_flow,F124N,资产减值准备,291000000.0,86
000627,2020,annual,cash_flow,F130N,公允价值变动损失,-1075000000.0,92
000627,2020,annual,cash_flow,F131N,投资损失,-9518000000.0,93
000627,2020,annual,cash_flow,F133N,递延所得税负债增加,245000000.00000003,95
000627,2020,annual,cash_flow,F134N,存货的减少,-188000000.0,96
000627,2020,annual,cash_flow,F135N,经营性应收项目的减少,-280000000.0,97
000627,2020,annual,cash_flow,F136N,经营性应付项目的增加,30873000000.0,98
