stock_code,year,period,statement_type,field_code,field_name,value,display_order
000686,2022,annual,cash_flow,F123N,净利润,272000000.0,85
000686,2022,annual,cash_flow,F125N,固定资产折旧,176000000.0,87
000686,2022,annual,cash_flow,F130N,公允价值变动损失,728000000.0,92
000686,2022,annual,cash_flow,F131N,投资损失,-178000000.0,93
000686,2022,annual,cash_flow,F132N,递延所得税资产减少,-178000000.0,94
000686,2022,annual,cash_flow,F133N,递延所得税负债增加,-117000000.0,95
000686,2022,annual,cash_flow,F135N,经营性应收项目的减少,2958000000.0,97
000686,2022,annual,cash_flow,F136N,经营性应付项目的增加,-321000000.0,98
000686,2021,annual,cash_flow,F123N,净利润,1705999999.9999998,85
000686,2021,annual,cash_flow,F125N,固定资产折旧,151000000.0,87
000686,2021,annual,cash_flow,F130N,公允价值变动损失,-608000000.0,92
000686,2021,annual,cash_flow,F131N,投资损失,-172000000.0,93
000686,2021,annual,cash_flow,F135N,经营性应收项目的减少,-2692000000.0,97
000686,2021,annual,cash_flow,F136N,经营性应付项目的增加,8789000000.0,98
000686,2020,annual,cash_flow,F123N,净利润,1467000000.0,85
000686,2020,annual,cash_flow,F130N,公允价值变动损失,-501999999.99999994,92
000686,2020,annual,cash_flow,F131N,投资损失,-142000000.0,93
000686,2020,annual,cash_flow,F133N,递延所得税负债增加,150000000.0,95
000686,2020,annual,cash_flow,F135N,经营性应收项目的减少,-2595000000.0,97
000686,2020,annual,cash_flow,F136N,经营性应付项目的增加,977000000.0,98
