stock_code,year,period,statement_type,field_code,field_name,value,display_order
000707,2022,annual,cash_flow,F123N,净利润,873000000.0,85
000707,2022,annual,cash_flow,F125N,固定资产折旧,169000000.0,87
000707,2021,annual,cash_flow,F123N,净利润,423000000.00000006,85
000707,2021,annual,cash_flow,F125N,固定资产折旧,234000000.0,87
000707,2021,annual,cash_flow,F136N,经营性应付项目的增加,-213000000.0,98
000707,2020,annual,cash_flow,F123N,净利润,-480999999.99999994,85
000707,2020,annual,cash_flow,F124N,资产减值准备,115999999.99999999,86
000707,2020,annual,cash_flow,F125N,固定资产折旧,265000000.0,87
