stock_code,year,period,statement_type,field_code,field_name,value,display_order
000755,2022,annual,cash_flow,F124N,资产减值准备,459000000.0,86
000755,2022,annual,cash_flow,F127N,长期待摊费用摊销,549000000.0,89
000755,2021,annual,cash_flow,F124N,资产减值准备,405999999.99999994,86
000755,2021,annual,cash_flow,F127N,长期待摊费用摊销,534000000.0,89
000755,2021,annual,cash_flow,F135N,经营性应收项目的减少,113999999.99999999,97
000755,2020,annual,cash_flow,F124N,资产减值准备,-134000000.00000001,86
000755,2020,annual,cash_flow,F127N,长期待摊费用摊销,515000000.00000006,89
000755,2020,annual,cash_flow,F135N,经营性应收项目的减少,902999999.9999999,97
000755,2020,annual,cash_flow,F136N,经营性应付项目的增加,-409999999.99999994,98
