stock_code,year,period,statement_type,field_code,field_name,value,display_order
000783,2022,annual,cash_flow,F123N,净利润,1529000000.0,85
000783,2022,annual,cash_flow,F125N,固定资产折旧,252999999.99999997,87
000783,2022,annual,cash_flow,F130N,公允价值变动损失,682000000.0,92
000783,2022,annual,cash_flow,F131N,投资损失,-153000000.0,93
000783,2022,annual,cash_flow,F133N,递延所得税负债增加,-188000000.0,95
000783,2022,annual,cash_flow,F135N,经营性应收项目的减少,6331000000.0,97
000783,2022,annual,cash_flow,F136N,经营性应付项目的增加,-2445000000.0,98
000783,2021,annual,cash_flow,F123N,净利润,2415000000.0,85
000783,2021,annual,cash_flow,F124N,资产减值准备,111000000.00000001,86
000783,2021,annual,cash_flow,F125N,固定资产折旧,211000000.0,87
000783,2021,annual,cash_flow,F130N,公允价值变动损失,-447000000.0,92
000783,2021,annual,cash_flow,F131N,投资损失,-398000000.0,93
000783,2021,annual,cash_flow,F133N,递延所得税负债增加,151000000.0,95
000783,2021,annual,cash_flow,F135N,经营性应收项目的减少,-753000000.0,97
000783,2021,annual,cash_flow,F136N,经营性应付项目的增加,10966000000.0,98
000783,2020,annual,cash_flow,F123N,净利润,2086000000.0,85
000783,2020,annual,cash_flow,F124N,资产减值准备,469000000.00000006,86
000783,2020,annual,cash_flow,F130N,公允价值变动损失,-135000000.0,92
000783,2020,annual,cash_flow,F131N,投资损失,-282000000.0,93
000783,2020,annual,cash_flow,F132N,递延所得税资产减少,-256000000.0,94
000783,2020,annual,cash_flow,F135N,经营性应收项目的减少,-10385000000.0,97
000783,2020,annual,cash_flow,F136N,经营性应付项目的增加,14003000000.0,98
