stock_code,year,period,statement_type,field_code,field_name,value,display_order
000759,2022,annual,cash_flow,F123N,净利润,1135000000.0,85
000759,2022,annual,cash_flow,F124N,资产减值准备,1392000000.0,86
000759,2022,annual,cash_flow,F127N,长期待摊费用摊销,-345000000.0,89
000759,2022,annual,cash_flow,F129N,固定资产报废损失,802000000.0,91
000759,2022,annual,cash_flow,F134N,存货的减少,143000000.0,96
000759,2021,annual,cash_flow,F123N,净利润,1333000000.0,85
000759,2021,annual,cash_flow,F124N,资产减值准备,1135000000.0,86
000759,2021,annual,cash_flow,F129N,固定资产报废损失,680000000.0,91
000759,2021,annual,cash_flow,F134N,存货的减少,146000000.0,96
000759,2020,annual,cash_flow,F123N,净利润,947000000.0000001,85
000759,2020,annual,cash_flow,F124N,资产减值准备,1333000000.0,86
000759,2020,annual,cash_flow,F129N,固定资产报废损失,250999999.99999997,91
