stock_code,year,period,statement_type,field_code,field_name,value,display_order
000791,2022,annual,cash_flow,F123N,净利润,347000000.0,85
000791,2022,annual,cash_flow,F125N,固定资产折旧,774000000.0,87
000791,2022,annual,cash_flow,F131N,投资损失,-134000000.00000001,93
000791,2021,annual,cash_flow,F123N,净利润,318000000.0,85
000791,2021,annual,cash_flow,F125N,固定资产折旧,750000000.0,87
000791,2021,annual,cash_flow,F131N,投资损失,-120000000.0,93
000791,2021,annual,cash_flow,F136N,经营性应付项目的增加,-110000000.00000001,98
000791,2020,annual,cash_flow,F123N,净利润,517000000.0,85
000791,2020,annual,cash_flow,F125N,固定资产折旧,746000000.0,87
