stock_code,year,period,statement_type,field_code,field_name,value,display_order
000712,2022,annual,cash_flow,F123N,净利润,2323000000.0,85
000712,2022,annual,cash_flow,F124N,资产减值准备,-457000000.0,86
000712,2022,annual,cash_flow,F126N,无形资产摊销,-715000000.0,88
000712,2022,annual,cash_flow,F127N,长期待摊费用摊销,6913000000.0,89
000712,2022,annual,cash_flow,F128N,处置固定资产损失,6198000000.0,90
000712,2022,annual,cash_flow,F137N,其他,385000000.0,99
000712,2021,annual,cash_flow,F123N,净利润,6765000000.000001,85
000712,2021,annual,cash_flow,F124N,资产减值准备,963000000.0000001,86
000712,2021,annual,cash_flow,F126N,无形资产摊销,-1496000000.0,88
000712,2021,annual,cash_flow,F127N,长期待摊费用摊销,8409000000.0,89
000712,2021,annual,cash_flow,F128N,处置固定资产损失,6913000000.0,90
000712,2021,annual,cash_flow,F137N,其他,392000000.0,99
000712,2020,annual,cash_flow,F123N,净利润,5967000000.0,85
000712,2020,annual,cash_flow,F124N,资产减值准备,-1786000000.0,86
000712,2020,annual,cash_flow,F126N,无形资产摊销,1712000000.0,88
000712,2020,annual,cash_flow,F127N,长期待摊费用摊销,6697000000.0,89
000712,2020,annual,cash_flow,F128N,处置固定资产损失,8409000000.0,90
000712,2020,annual,cash_flow,F137N,其他,233000000.0,99
