stock_code,year,period,statement_type,field_code,field_name,value,display_order
000736,2022,annual,cash_flow,F123N,净利润,1022000000.0000001,85
000736,2022,annual,cash_flow,F124N,资产减值准备,568000000.0,86
000736,2022,annual,cash_flow,F132N,递延所得税资产减少,123000000.0,94
000736,2022,annual,cash_flow,F133N,递延所得税负债增加,120000000.0,95
000736,2022,annual,cash_flow,F134N,存货的减少,11273000000.0,96
000736,2022,annual,cash_flow,F135N,经营性应收项目的减少,1164000000.0,97
000736,2022,annual,cash_flow,F136N,经营性应付项目的增加,-11845000000.0,98
000736,2021,annual,cash_flow,F123N,净利润,739000000.0,85
000736,2021,annual,cash_flow,F124N,资产减值准备,138000000.0,86
000736,2021,annual,cash_flow,F131N,投资损失,-798000000.0,93
000736,2021,annual,cash_flow,F134N,存货的减少,-27714000000.0,96
000736,2021,annual,cash_flow,F135N,经营性应收项目的减少,-1622000000.0,97
000736,2021,annual,cash_flow,F136N,经营性应付项目的增加,23895000000.0,98
000736,2020,annual,cash_flow,F123N,净利润,896000000.0000001,85
000736,2020,annual,cash_flow,F124N,资产减值准备,347000000.0,86
000736,2020,annual,cash_flow,F131N,投资损失,-426999999.99999994,93
000736,2020,annual,cash_flow,F132N,递延所得税资产减少,-102000000.0,94
000736,2020,annual,cash_flow,F134N,存货的减少,-26212000000.0,96
000736,2020,annual,cash_flow,F135N,经营性应收项目的减少,-4768000000.0,97
000736,2020,annual,cash_flow,F136N,经营性应付项目的增加,11067000000.0,98
