stock_code,year,period,statement_type,field_code,field_name,value,display_order
000858,2022,annual,cash_flow,F123N,净利润,27970000000.0,85
000858,2022,annual,cash_flow,F125N,固定资产折旧,828999999.9999999,87
000858,2022,annual,cash_flow,F132N,递延所得税资产减少,-322000000.0,94
000858,2022,annual,cash_flow,F134N,存货的减少,-1964000000.0,96
000858,2022,annual,cash_flow,F135N,经营性应收项目的减少,-3969000000.0,97
000858,2022,annual,cash_flow,F136N,经营性应付项目的增加,1814000000.0,98
000858,2021,annual,cash_flow,F123N,净利润,24507000000.0,85
000858,2021,annual,cash_flow,F125N,固定资产折旧,821000000.0000001,87
000858,2021,annual,cash_flow,F132N,递延所得税资产减少,-198000000.0,94
000858,2021,annual,cash_flow,F134N,存货的减少,-791000000.0,96
000858,2021,annual,cash_flow,F135N,经营性应收项目的减少,-5011000000.0,97
000858,2021,annual,cash_flow,F136N,经营性应付项目的增加,7348000000.0,98
000858,2020,annual,cash_flow,F123N,净利润,20913000000.0,85
000858,2020,annual,cash_flow,F125N,固定资产折旧,436000000.00000006,87
000858,2020,annual,cash_flow,F132N,递延所得税资产减少,-329000000.0,94
000858,2020,annual,cash_flow,F134N,存货的减少,445000000.0,96
000858,2020,annual,cash_flow,F135N,经营性应收项目的减少,-2122000000.0,97
000858,2020,annual,cash_flow,F136N,经营性应付项目的增加,-4638000000.0,98
