stock_code,year,period,statement_type,field_code,field_name,value,display_order
000869,2022,annual,cash_flow,F123N,净利润,430999999.99999994,85
000869,2022,annual,cash_flow,F125N,固定资产折旧,336000000.0,87
000869,2022,annual,cash_flow,F134N,存货的减少,-101000000.0,96
000869,2022,annual,cash_flow,F135N,经营性应收项目的减少,188000000.0,97
000869,2022,annual,cash_flow,F136N,经营性应付项目的增加,-109000000.00000001,98
000869,2021,annual,cash_flow,F123N,净利润,507000000.0,85
000869,2021,annual,cash_flow,F125N,固定资产折旧,302000000.0,87
000869,2021,annual,cash_flow,F134N,存货的减少,144000000.0,96
000869,2021,annual,cash_flow,F135N,经营性应收项目的减少,-187000000.0,97
000869,2021,annual,cash_flow,F136N,经营性应付项目的增加,263000000.0,98
000869,2020,annual,cash_flow,F123N,净利润,473000000.00000006,85
000869,2020,annual,cash_flow,F125N,固定资产折旧,298000000.0,87
000869,2020,annual,cash_flow,F136N,经营性应付项目的增加,-354000000.0,98
