stock_code,year,period,statement_type,field_code,field_name,value,display_order
000895,2022,annual,cash_flow,F123N,净利润,5236000000.0,85
000895,2022,annual,cash_flow,F126N,无形资产摊销,5717000000.0,88
000895,2022,annual,cash_flow,F127N,长期待摊费用摊销,277000000.0,89
000895,2022,annual,cash_flow,F128N,处置固定资产损失,1236000000.0,90
000895,2022,annual,cash_flow,F133N,递延所得税负债增加,134000000.00000001,95
000895,2022,annual,cash_flow,F134N,存货的减少,-106000000.0,96
000895,2022,annual,cash_flow,F137N,其他,-293000000.0,99
000895,2021,annual,cash_flow,F123N,净利润,7573999999.999999,85
000895,2021,annual,cash_flow,F126N,无形资产摊销,4884000000.0,88
000895,2021,annual,cash_flow,F127N,长期待摊费用摊销,1305000000.0,89
000895,2021,annual,cash_flow,F128N,处置固定资产损失,992000000.0,90
000895,2021,annual,cash_flow,F133N,递延所得税负债增加,131000000.0,95
000895,2021,annual,cash_flow,F134N,存货的减少,-222000000.00000003,96
000895,2021,annual,cash_flow,F137N,其他,723000000.0,99
000895,2020,annual,cash_flow,F123N,净利润,8130000000.0,85
000895,2020,annual,cash_flow,F126N,无形资产摊销,6370000000.0,88
000895,2020,annual,cash_flow,F127N,长期待摊费用摊销,842000000.0,89
000895,2020,annual,cash_flow,F128N,处置固定资产损失,927999999.9999999,90
000895,2020,annual,cash_flow,F134N,存货的减少,-394000000.0,96
000895,2020,annual,cash_flow,F137N,其他,1686000000.0,99
