stock_code,year,period,statement_type,field_code,field_name,value,display_order
000883,2022,annual,cash_flow,F123N,净利润,1024000000.0,85
000883,2022,annual,cash_flow,F124N,资产减值准备,102000000.0,86
000883,2022,annual,cash_flow,F125N,固定资产折旧,2118000000.0,87
000883,2022,annual,cash_flow,F126N,无形资产摊销,102000000.0,88
000883,2022,annual,cash_flow,F131N,投资损失,-409000000.0,93
000883,2022,annual,cash_flow,F132N,递延所得税资产减少,-206999999.99999997,94
000883,2022,annual,cash_flow,F133N,递延所得税负债增加,268000000.00000003,95
000883,2022,annual,cash_flow,F134N,存货的减少,129000000.0,96
000883,2022,annual,cash_flow,F135N,经营性应收项目的减少,757000000.0,97
000883,2022,annual,cash_flow,F136N,经营性应付项目的增加,1468000000.0,98
000883,2021,annual,cash_flow,F123N,净利润,2415000000.0,85
000883,2021,annual,cash_flow,F125N,固定资产折旧,2352000000.0,87
000883,2021,annual,cash_flow,F131N,投资损失,-646000000.0,93
000883,2021,annual,cash_flow,F132N,递延所得税资产减少,-118000000.0,94
000883,2021,annual,cash_flow,F133N,递延所得税负债增加,140000000.0,95
000883,2021,annual,cash_flow,F134N,存货的减少,-374000000.0,96
000883,2021,annual,cash_flow,F135N,经营性应收项目的减少,-5029000000.0,97
000883,2021,annual,cash_flow,F136N,经营性应付项目的增加,3601000000.0,98
000883,2020,annual,cash_flow,F123N,净利润,2759000000.0,85
000883,2020,annual,cash_flow,F124N,资产减值准备,221000000.0,86
000883,2020,annual,cash_flow,F125N,固定资产折旧,1943000000.0,87
000883,2020,annual,cash_flow,F126N,无形资产摊销,103000000.0,88
000883,2020,annual,cash_flow,F131N,投资损失,-458000000.0,93
000883,2020,annual,cash_flow,F135N,经营性应收项目的减少,-13843000000.0,97
000883,2020,annual,cash_flow,F136N,经营性应付项目的增加,13896000000.0,98
