stock_code,year,period,statement_type,field_code,field_name,value,display_order
000931,2022,annual,cash_flow,F123N,净利润,166000000.0,85
000931,2022,annual,cash_flow,F124N,资产减值准备,120000000.0,86
000931,2022,annual,cash_flow,F129N,固定资产报废损失,125000000.0,91
000931,2021,annual,cash_flow,F123N,净利润,202000000.0,85
000931,2021,annual,cash_flow,F124N,资产减值准备,166000000.0,86
000931,2021,annual,cash_flow,F127N,长期待摊费用摊销,-100000000.0,89
000931,2021,annual,cash_flow,F129N,固定资产报废损失,109000000.00000001,91
000931,2020,annual,cash_flow,F123N,净利润,250999999.99999997,85
000931,2020,annual,cash_flow,F124N,资产减值准备,202000000.0,86
