stock_code,year,period,statement_type,field_code,field_name,value,display_order
000922,2022,annual,cash_flow,F123N,净利润,409999999.99999994,85
000922,2022,annual,cash_flow,F124N,资产减值准备,149000000.0,86
000922,2022,annual,cash_flow,F125N,固定资产折旧,186000000.0,87
000922,2022,annual,cash_flow,F134N,存货的减少,236000000.0,96
000922,2022,annual,cash_flow,F135N,经营性应收项目的减少,-526000000.0,97
000922,2021,annual,cash_flow,F123N,净利润,213000000.0,85
000922,2021,annual,cash_flow,F129N,固定资产报废损失,100.0,91
000922,2021,annual,cash_flow,F134N,存货的减少,-227000000.0,96
000922,2021,annual,cash_flow,F135N,经营性应收项目的减少,-200000000.0,97
000922,2021,annual,cash_flow,F136N,经营性应付项目的增加,202999999.99999997,98
000922,2020,annual,cash_flow,F123N,净利润,408000000.0,85
000922,2020,annual,cash_flow,F134N,存货的减少,-175000000.0,96
000922,2020,annual,cash_flow,F135N,经营性应收项目的减少,-104000000.0,97
000922,2020,annual,cash_flow,F136N,经营性应付项目的增加,358000000.0,98
