stock_code,year,period,statement_type,field_code,field_name,value,display_order
000921,2022,annual,cash_flow,F123N,净利润,2478000000.0,85
000921,2022,annual,cash_flow,F126N,无形资产摊销,3069000000.0,88
000921,2022,annual,cash_flow,F127N,长期待摊费用摊销,275000000.0,89
000921,2022,annual,cash_flow,F128N,处置固定资产损失,1119000000.0,90
000921,2022,annual,cash_flow,F129N,固定资产报废损失,240000000.0,91
000921,2022,annual,cash_flow,F133N,递延所得税负债增加,-118000000.0,95
000921,2022,annual,cash_flow,F134N,存货的减少,-513000000.0,96
000921,2022,annual,cash_flow,F137N,其他,1836000000.0,99
000921,2021,annual,cash_flow,F123N,净利润,2879000000.0,85
000921,2021,annual,cash_flow,F126N,无形资产摊销,2343000000.0,88
000921,2021,annual,cash_flow,F128N,处置固定资产损失,888000000.0000001,90
000921,2021,annual,cash_flow,F129N,固定资产报废损失,235000000.0,91
000921,2021,annual,cash_flow,F133N,递延所得税负债增加,121000000.0,95
000921,2021,annual,cash_flow,F134N,存货的减少,-507000000.0,96
000921,2021,annual,cash_flow,F135N,经营性应收项目的减少,-173000000.0,97
000921,2021,annual,cash_flow,F137N,其他,-2695000000.0,99
000921,2020,annual,cash_flow,F123N,净利润,1617000000.0000002,85
000921,2020,annual,cash_flow,F126N,无形资产摊销,2846000000.0,88
000921,2020,annual,cash_flow,F128N,处置固定资产损失,814000000.0,90
000921,2020,annual,cash_flow,F129N,固定资产报废损失,229000000.0,91
000921,2020,annual,cash_flow,F133N,递延所得税负债增加,-118000000.0,95
000921,2020,annual,cash_flow,F134N,存货的减少,-196000000.0,96
000921,2020,annual,cash_flow,F137N,其他,-793000000.0,99
