stock_code,year,period,statement_type,field_code,field_name,value,display_order
000935,2022,annual,cash_flow,F123N,净利润,823000000.0,85
000935,2022,annual,cash_flow,F130N,公允价值变动损失,299000000.0,92
000935,2022,annual,cash_flow,F131N,投资损失,-894999999.9999999,93
000935,2021,annual,cash_flow,F123N,净利润,985000000.0,85
000935,2021,annual,cash_flow,F130N,公允价值变动损失,-351000000.0,92
000935,2021,annual,cash_flow,F131N,投资损失,-349000000.0,93
000935,2021,annual,cash_flow,F133N,递延所得税负债增加,105000000.0,95
000935,2020,annual,cash_flow,F123N,净利润,888000000.0000001,85
000935,2020,annual,cash_flow,F131N,投资损失,-188000000.0,93
