stock_code,year,period,statement_type,field_code,field_name,value,display_order
001227,2022,annual,cash_flow,F123N,净利润,8297000000.0,85
001227,2022,annual,cash_flow,F126N,无形资产摊销,1773000000.0,88
001227,2022,annual,cash_flow,F127N,长期待摊费用摊销,139000000.0,89
001227,2022,annual,cash_flow,F128N,处置固定资产损失,202999999.99999997,90
001227,2022,annual,cash_flow,F132N,递延所得税资产减少,214000000.0,94
001227,2022,annual,cash_flow,F134N,存货的减少,-301000000.0,96
001227,2022,annual,cash_flow,F136N,经营性应付项目的增加,-29133000000.0,98
001227,2022,annual,cash_flow,F137N,其他,33258000000.0,99
001227,2021,annual,cash_flow,F123N,净利润,3286000000.0,85
001227,2021,annual,cash_flow,F126N,无形资产摊销,1603000000.0,88
001227,2021,annual,cash_flow,F128N,处置固定资产损失,214000000.0,90
001227,2021,annual,cash_flow,F134N,存货的减少,-351000000.0,96
001227,2021,annual,cash_flow,F136N,经营性应付项目的增加,-31983999999.999996,98
001227,2021,annual,cash_flow,F137N,其他,38960000000.0,99
001227,2020,annual,cash_flow,F123N,净利润,4021000000.0,85
001227,2020,annual,cash_flow,F126N,无形资产摊销,1533000000.0,88
001227,2020,annual,cash_flow,F128N,处置固定资产损失,173000000.0,90
001227,2020,annual,cash_flow,F132N,递延所得税资产减少,-273000000.0,94
001227,2020,annual,cash_flow,F134N,存货的减少,-133000000.0,96
001227,2020,annual,cash_flow,F136N,经营性应付项目的增加,-29861000000.0,98
001227,2020,annual,cash_flow,F137N,其他,20945000000.0,99
