stock_code,year,period,statement_type,field_code,field_name,value,display_order
001872,2022,annual,cash_flow,F123N,净利润,12727000000.0,85
001872,2022,annual,cash_flow,F124N,资产减值准备,13566999999.999998,86
001872,2022,annual,cash_flow,F127N,长期待摊费用摊销,8231999999.999999,89
001872,2022,annual,cash_flow,F129N,固定资产报废损失,2549000000.0,91
001872,2022,annual,cash_flow,F130N,公允价值变动损失,663000000.0,92
001872,2022,annual,cash_flow,F132N,递延所得税资产减少,159000000.0,94
001872,2022,annual,cash_flow,F133N,递延所得税负债增加,129000000.0,95
001872,2022,annual,cash_flow,F134N,存货的减少,2532000000.0,96
001872,2022,annual,cash_flow,F135N,经营性应收项目的减少,-7378000000.0,97
001872,2022,annual,cash_flow,F137N,其他,221000000.0,99
001872,2021,annual,cash_flow,F123N,净利润,11899000000.0,85
001872,2021,annual,cash_flow,F124N,资产减值准备,12727000000.0,86
001872,2021,annual,cash_flow,F127N,长期待摊费用摊销,7655000000.0,89
001872,2021,annual,cash_flow,F128N,处置固定资产损失,420000000.0,90
001872,2021,annual,cash_flow,F129N,固定资产报废损失,2397000000.0,91
001872,2021,annual,cash_flow,F130N,公允价值变动损失,616000000.0,92
001872,2021,annual,cash_flow,F133N,递延所得税负债增加,-221000000.0,95
001872,2021,annual,cash_flow,F134N,存货的减少,1734000000.0,96
001872,2021,annual,cash_flow,F135N,经营性应收项目的减少,-6637000000.0,97
001872,2021,annual,cash_flow,F137N,其他,244000000.0,99
001872,2020,annual,cash_flow,F123N,净利润,7788000000.0,85
001872,2020,annual,cash_flow,F124N,资产减值准备,11899000000.0,86
001872,2020,annual,cash_flow,F127N,长期待摊费用摊销,5549000000.0,89
001872,2020,annual,cash_flow,F128N,处置固定资产损失,551000000.0,90
001872,2020,annual,cash_flow,F129N,固定资产报废损失,2358000000.0,91
001872,2020,annual,cash_flow,F130N,公允价值变动损失,611000000.0,92
001872,2020,annual,cash_flow,F131N,投资损失,-1489000000.0,93
001872,2020,annual,cash_flow,F133N,递延所得税负债增加,412000000.0,95
001872,2020,annual,cash_flow,F134N,存货的减少,1306000000.0,96
001872,2020,annual,cash_flow,F135N,经营性应收项目的减少,-4910000000.0,97
001872,2020,annual,cash_flow,F136N,经营性应付项目的增加,-120000000.0,98
