stock_code,year,period,statement_type,field_code,field_name,value,display_order
002083,2022,annual,cash_flow,F123N,净利润,196000000.0,85
002083,2022,annual,cash_flow,F125N,固定资产折旧,337000000.0,87
002083,2022,annual,cash_flow,F134N,存货的减少,268000000.00000003,96
002083,2021,annual,cash_flow,F123N,净利润,268000000.00000003,85
002083,2021,annual,cash_flow,F125N,固定资产折旧,325000000.0,87
002083,2021,annual,cash_flow,F134N,存货的减少,-224000000.00000003,96
002083,2020,annual,cash_flow,F123N,净利润,192000000.0,85
002083,2020,annual,cash_flow,F125N,固定资产折旧,335000000.0,87
002083,2020,annual,cash_flow,F130N,公允价值变动损失,159000000.0,92
