stock_code,year,period,statement_type,field_code,field_name,value,display_order
002038,2022,annual,cash_flow,F125N,固定资产折旧,227999999.99999997,87
002038,2021,annual,cash_flow,F125N,固定资产折旧,421000000.0,87
002038,2021,annual,cash_flow,F131N,投资损失,-113999999.99999999,93
002038,2021,annual,cash_flow,F137N,其他,109000000.00000001,99
002038,2020,annual,cash_flow,F125N,固定资产折旧,361000000.0,87
002038,2020,annual,cash_flow,F130N,公允价值变动损失,4400.0,92
002038,2020,annual,cash_flow,F131N,投资损失,-176000000.0,93
002038,2020,annual,cash_flow,F137N,其他,199000000.0,99
