stock_code,year,period,statement_type,field_code,field_name,value,display_order
002073,2022,annual,cash_flow,F123N,净利润,231999999.99999997,85
002073,2022,annual,cash_flow,F124N,资产减值准备,117000000.0,86
002073,2022,annual,cash_flow,F125N,固定资产折旧,161000000.0,87
002073,2022,annual,cash_flow,F134N,存货的减少,-1179000000.0,96
002073,2022,annual,cash_flow,F135N,经营性应收项目的减少,-773000000.0,97
002073,2022,annual,cash_flow,F136N,经营性应付项目的增加,1732999999.9999998,98
002073,2021,annual,cash_flow,F123N,净利润,126000000.0,85
002073,2021,annual,cash_flow,F125N,固定资产折旧,129000000.0,87
002073,2021,annual,cash_flow,F134N,存货的减少,-1400000000.0,96
002073,2021,annual,cash_flow,F135N,经营性应收项目的减少,-479000000.0,97
002073,2021,annual,cash_flow,F136N,经营性应付项目的增加,1760000000.0000002,98
002073,2020,annual,cash_flow,F125N,固定资产折旧,113999999.99999999,87
002073,2020,annual,cash_flow,F134N,存货的减少,-648000000.0,96
002073,2020,annual,cash_flow,F135N,经营性应收项目的减少,292000000.0,97
002073,2020,annual,cash_flow,F136N,经营性应付项目的增加,317000000.0,98
