stock_code,year,period,statement_type,field_code,field_name,value,display_order
002090,2022,annual,cash_flow,F123N,净利润,463999999.99999994,85
002090,2022,annual,cash_flow,F124N,资产减值准备,498000000.00000006,86
002090,2022,annual,cash_flow,F137N,其他,3300.0,99
002090,2021,annual,cash_flow,F123N,净利润,448000000.00000006,85
002090,2021,annual,cash_flow,F124N,资产减值准备,463999999.99999994,86
002090,2021,annual,cash_flow,F127N,长期待摊费用摊销,158000000.0,89
002090,2021,annual,cash_flow,F135N,经营性应收项目的减少,-152000000.0,97
002090,2020,annual,cash_flow,F123N,净利润,451999999.99999994,85
002090,2020,annual,cash_flow,F124N,资产减值准备,448000000.00000006,86
