stock_code,year,period,statement_type,field_code,field_name,value,display_order
002051,2022,annual,cash_flow,F123N,净利润,6790000000.000001,85
002051,2022,annual,cash_flow,F126N,无形资产摊销,320000000.0,88
002051,2022,annual,cash_flow,F128N,处置固定资产损失,229000000.0,90
002051,2022,annual,cash_flow,F137N,其他,802999999.9999999,99
002051,2021,annual,cash_flow,F123N,净利润,6886000000.0,85
002051,2021,annual,cash_flow,F126N,无形资产摊销,261000000.0,88
002051,2021,annual,cash_flow,F128N,处置固定资产损失,237000000.0,90
002051,2021,annual,cash_flow,F137N,其他,-684000000.0,99
002051,2020,annual,cash_flow,F123N,净利润,7963000000.0,85
002051,2020,annual,cash_flow,F126N,无形资产摊销,-102000000.0,88
002051,2020,annual,cash_flow,F128N,处置固定资产损失,179000000.0,90
002051,2020,annual,cash_flow,F137N,其他,217000000.0,99
