stock_code,year,period,statement_type,field_code,field_name,value,display_order
002180,2022,annual,cash_flow,F123N,净利润,7141000000.0,85
002180,2022,annual,cash_flow,F126N,无形资产摊销,2054000000.0,88
002180,2022,annual,cash_flow,F127N,长期待摊费用摊销,182000000.0,89
002180,2022,annual,cash_flow,F128N,处置固定资产损失,796000000.0,90
002180,2022,annual,cash_flow,F129N,固定资产报废损失,451000000.0,91
002180,2022,annual,cash_flow,F130N,公允价值变动损失,181000000.0,92
002180,2022,annual,cash_flow,F132N,递延所得税资产减少,167000000.0,94
002180,2022,annual,cash_flow,F133N,递延所得税负债增加,678000000.0,95
002180,2022,annual,cash_flow,F135N,经营性应收项目的减少,-177000000.0,97
002180,2022,annual,cash_flow,F136N,经营性应付项目的增加,-156000000.0,98
002180,2022,annual,cash_flow,F137N,其他,-2128000000.0,99
002180,2021,annual,cash_flow,F123N,净利润,9359000000.0,85
002180,2021,annual,cash_flow,F126N,无形资产摊销,1596000000.0,88
002180,2021,annual,cash_flow,F127N,长期待摊费用摊销,158000000.0,89
002180,2021,annual,cash_flow,F128N,处置固定资产损失,637000000.0,90
002180,2021,annual,cash_flow,F129N,固定资产报废损失,465000000.00000006,91
002180,2021,annual,cash_flow,F130N,公允价值变动损失,174000000.0,92
002180,2021,annual,cash_flow,F132N,递延所得税资产减少,-199000000.0,94
002180,2021,annual,cash_flow,F133N,递延所得税负债增加,811999999.9999999,95
002180,2021,annual,cash_flow,F134N,存货的减少,-100000000.0,96
002180,2021,annual,cash_flow,F136N,经营性应付项目的增加,-165000000.0,98
002180,2021,annual,cash_flow,F137N,其他,-742000000.0,99
002180,2020,annual,cash_flow,F123N,净利润,6644000000.0,85
002180,2020,annual,cash_flow,F127N,长期待摊费用摊销,155000000.0,89
002180,2020,annual,cash_flow,F128N,处置固定资产损失,570000000.0,90
002180,2020,annual,cash_flow,F129N,固定资产报废损失,591000000.0,91
002180,2020,annual,cash_flow,F133N,递延所得税负债增加,1366000000.0,95
002180,2020,annual,cash_flow,F135N,经营性应收项目的减少,-114999999.99999999,97
002180,2020,annual,cash_flow,F137N,其他,289000000.0,99
