stock_code,year,period,statement_type,field_code,field_name,value,display_order
002156,2022,annual,cash_flow,F123N,净利润,4125000000.0,85
002156,2022,annual,cash_flow,F126N,无形资产摊销,530000000.0,88
002156,2022,annual,cash_flow,F128N,处置固定资产损失,2939000000.0,90
002156,2022,annual,cash_flow,F133N,递延所得税负债增加,665000000.0,95
002156,2022,annual,cash_flow,F135N,经营性应收项目的减少,-143000000.0,97
002156,2022,annual,cash_flow,F137N,其他,-1379000000.0,99
002156,2021,annual,cash_flow,F123N,净利润,3711999999.9999995,85
002156,2021,annual,cash_flow,F126N,无形资产摊销,966000000.0,88
002156,2021,annual,cash_flow,F128N,处置固定资产损失,1973000000.0,90
002156,2021,annual,cash_flow,F133N,递延所得税负债增加,278000000.0,95
002156,2021,annual,cash_flow,F137N,其他,-673000000.0,99
002156,2020,annual,cash_flow,F123N,净利润,3504999999.9999995,85
002156,2020,annual,cash_flow,F126N,无形资产摊销,389000000.0,88
002156,2020,annual,cash_flow,F128N,处置固定资产损失,1520000000.0,90
002156,2020,annual,cash_flow,F133N,递延所得税负债增加,237000000.0,95
002156,2020,annual,cash_flow,F137N,其他,457000000.0,99
