stock_code,year,period,statement_type,field_code,field_name,value,display_order
002155,2022,annual,cash_flow,F123N,净利润,424000000.0,85
002155,2022,annual,cash_flow,F124N,资产减值准备,603000000.0,86
002155,2022,annual,cash_flow,F127N,长期待摊费用摊销,434999999.99999994,89
002155,2022,annual,cash_flow,F129N,固定资产报废损失,275000000.0,91
002155,2021,annual,cash_flow,F123N,净利润,379000000.0,85
002155,2021,annual,cash_flow,F124N,资产减值准备,424000000.0,86
002155,2021,annual,cash_flow,F127N,长期待摊费用摊销,365000000.0,89
002155,2021,annual,cash_flow,F129N,固定资产报废损失,244000000.0,91
002155,2020,annual,cash_flow,F123N,净利润,336000000.0,85
002155,2020,annual,cash_flow,F124N,资产减值准备,379000000.0,86
002155,2020,annual,cash_flow,F127N,长期待摊费用摊销,225000000.0,89
002155,2020,annual,cash_flow,F128N,处置固定资产损失,120000000.0,90
002155,2020,annual,cash_flow,F129N,固定资产报废损失,218000000.00000003,91
