stock_code,year,period,statement_type,field_code,field_name,value,display_order
002191,2022,annual,cash_flow,F123N,净利润,231999999.99999997,85
002191,2022,annual,cash_flow,F124N,资产减值准备,317000000.0,86
002191,2022,annual,cash_flow,F125N,固定资产折旧,202000000.0,87
002191,2022,annual,cash_flow,F136N,经营性应付项目的增加,-306000000.0,98
002191,2021,annual,cash_flow,F123N,净利润,1055000000.0000001,85
002191,2021,annual,cash_flow,F125N,固定资产折旧,180000000.0,87
002191,2021,annual,cash_flow,F131N,投资损失,-308000000.0,93
002191,2021,annual,cash_flow,F134N,存货的减少,-419000000.00000006,96
002191,2021,annual,cash_flow,F135N,经营性应收项目的减少,-398000000.0,97
002191,2021,annual,cash_flow,F136N,经营性应付项目的增加,625000000.0,98
002191,2020,annual,cash_flow,F123N,净利润,864000000.0,85
002191,2020,annual,cash_flow,F125N,固定资产折旧,171000000.0,87
002191,2020,annual,cash_flow,F134N,存货的减少,254999999.99999997,96
