stock_code,year,period,statement_type,field_code,field_name,value,display_order
002149,2022,annual,cash_flow,F123N,净利润,507000000.0,85
002149,2022,annual,cash_flow,F126N,无形资产摊销,258000000.0,88
002149,2022,annual,cash_flow,F128N,处置固定资产损失,100000000.0,90
002149,2021,annual,cash_flow,F123N,净利润,515000000.00000006,85
002149,2021,annual,cash_flow,F126N,无形资产摊销,176000000.0,88
002149,2021,annual,cash_flow,F137N,其他,-132000000.0,99
002149,2020,annual,cash_flow,F123N,净利润,980000000.0000001,85
002149,2020,annual,cash_flow,F126N,无形资产摊销,124000000.0,88
