stock_code,year,period,statement_type,field_code,field_name,value,display_order
002109,2022,annual,cash_flow,F123N,净利润,379000000.0,85
002109,2022,annual,cash_flow,F125N,固定资产折旧,183000000.0,87
002109,2022,annual,cash_flow,F134N,存货的减少,-110000000.00000001,96
002109,2022,annual,cash_flow,F135N,经营性应收项目的减少,-252000000.0,97
002109,2021,annual,cash_flow,F123N,净利润,539000000.0,85
002109,2021,annual,cash_flow,F125N,固定资产折旧,178000000.0,87
002109,2020,annual,cash_flow,F123N,净利润,214000000.0,85
002109,2020,annual,cash_flow,F125N,固定资产折旧,178000000.0,87
002109,2020,annual,cash_flow,F135N,经营性应收项目的减少,204999999.99999997,97
