stock_code,year,period,statement_type,field_code,field_name,value,display_order
002237,2022,annual,cash_flow,F123N,净利润,2701000000.0,85
002237,2022,annual,cash_flow,F126N,无形资产摊销,466000000.0,88
002237,2022,annual,cash_flow,F127N,长期待摊费用摊销,114999999.99999999,89
002237,2022,annual,cash_flow,F128N,处置固定资产损失,488999999.99999994,90
002237,2022,annual,cash_flow,F133N,递延所得税负债增加,364000000.0,95
002237,2022,annual,cash_flow,F137N,其他,-174000000.0,99
002237,2021,annual,cash_flow,F123N,净利润,2223000000.0,85
002237,2021,annual,cash_flow,F126N,无形资产摊销,426999999.99999994,88
002237,2021,annual,cash_flow,F127N,长期待摊费用摊销,197000000.0,89
002237,2021,annual,cash_flow,F128N,处置固定资产损失,484000000.0,90
002237,2021,annual,cash_flow,F133N,递延所得税负债增加,362000000.0,95
002237,2021,annual,cash_flow,F134N,存货的减少,145000000.0,96
002237,2021,annual,cash_flow,F137N,其他,-200999999.99999997,99
002237,2020,annual,cash_flow,F123N,净利润,1415000000.0,85
002237,2020,annual,cash_flow,F126N,无形资产摊销,365000000.0,88
002237,2020,annual,cash_flow,F127N,长期待摊费用摊销,204999999.99999997,89
002237,2020,annual,cash_flow,F128N,处置固定资产损失,492000000.0,90
002237,2020,annual,cash_flow,F132N,递延所得税资产减少,-138000000.0,94
002237,2020,annual,cash_flow,F133N,递延所得税负债增加,346000000.0,95
002237,2020,annual,cash_flow,F134N,存货的减少,215000000.0,96
002237,2020,annual,cash_flow,F137N,其他,-1458000000.0,99
