stock_code,year,period,statement_type,field_code,field_name,value,display_order
002299,2022,annual,cash_flow,F123N,净利润,463999999.99999994,85
002299,2022,annual,cash_flow,F124N,资产减值准备,658000000.0,86
002299,2022,annual,cash_flow,F127N,长期待摊费用摊销,405999999.99999994,89
002299,2022,annual,cash_flow,F129N,固定资产报废损失,1181000000.0,91
002299,2022,annual,cash_flow,F134N,存货的减少,183000000.0,96
002299,2021,annual,cash_flow,F123N,净利润,286000000.0,85
002299,2021,annual,cash_flow,F124N,资产减值准备,463999999.99999994,86
002299,2021,annual,cash_flow,F127N,长期待摊费用摊销,451999999.99999994,89
002299,2021,annual,cash_flow,F129N,固定资产报废损失,1052000000.0,91
002299,2021,annual,cash_flow,F131N,投资损失,-5600.0,93
002299,2021,annual,cash_flow,F134N,存货的减少,141000000.0,96
002299,2020,annual,cash_flow,F123N,净利润,1152000000.0,85
002299,2020,annual,cash_flow,F124N,资产减值准备,286000000.0,86
002299,2020,annual,cash_flow,F127N,长期待摊费用摊销,2042000000.0000002,89
002299,2020,annual,cash_flow,F129N,固定资产报废损失,955000000.0000001,91
002299,2020,annual,cash_flow,F134N,存货的减少,120000000.0,96
