stock_code,year,period,statement_type,field_code,field_name,value,display_order
002267,2022,annual,cash_flow,F123N,净利润,968000000.0,85
002267,2022,annual,cash_flow,F126N,无形资产摊销,631000000.0,88
002267,2022,annual,cash_flow,F128N,处置固定资产损失,490000000.00000006,90
002267,2022,annual,cash_flow,F132N,递延所得税资产减少,100000000.0,94
002267,2021,annual,cash_flow,F123N,净利润,1120000000.0,85
002267,2021,annual,cash_flow,F126N,无形资产摊销,441000000.0,88
002267,2021,annual,cash_flow,F128N,处置固定资产损失,461000000.00000006,90
002267,2021,annual,cash_flow,F132N,递延所得税资产减少,118000000.0,94
002267,2021,annual,cash_flow,F137N,其他,247000000.00000003,99
002267,2020,annual,cash_flow,F123N,净利润,1157000000.0,85
002267,2020,annual,cash_flow,F126N,无形资产摊销,378000000.0,88
002267,2020,annual,cash_flow,F128N,处置固定资产损失,409000000.0,90
002267,2020,annual,cash_flow,F132N,递延所得税资产减少,130000000.0,94
002267,2020,annual,cash_flow,F137N,其他,-120000000.0,99
