stock_code,year,period,statement_type,field_code,field_name,value,display_order
002225,2022,annual,cash_flow,F123N,净利润,215000000.0,85
002225,2022,annual,cash_flow,F125N,固定资产折旧,124000000.0,87
002225,2022,annual,cash_flow,F134N,存货的减少,-193000000.0,96
002225,2022,annual,cash_flow,F135N,经营性应收项目的减少,-515000000.00000006,97
002225,2021,annual,cash_flow,F125N,固定资产折旧,112000000.00000001,87
002225,2021,annual,cash_flow,F134N,存货的减少,-415000000.00000006,96
002225,2020,annual,cash_flow,F123N,净利润,309000000.0,85
002225,2020,annual,cash_flow,F135N,经营性应收项目的减少,-127000000.0,97
002225,2020,annual,cash_flow,F136N,经营性应付项目的增加,100000000.0,98
