stock_code,year,period,statement_type,field_code,field_name,value,display_order
002228,2022,annual,cash_flow,F123N,净利润,110000000.00000001,85
002228,2022,annual,cash_flow,F125N,固定资产折旧,265000000.0,87
002228,2022,annual,cash_flow,F134N,存货的减少,497000000.0,96
002228,2022,annual,cash_flow,F135N,经营性应收项目的减少,206000000.0,97
002228,2022,annual,cash_flow,F136N,经营性应付项目的增加,-516000000.0,98
002228,2021,annual,cash_flow,F123N,净利润,231999999.99999997,85
002228,2021,annual,cash_flow,F125N,固定资产折旧,243000000.00000003,87
002228,2021,annual,cash_flow,F134N,存货的减少,-551000000.0,96
002228,2021,annual,cash_flow,F135N,经营性应收项目的减少,-734000000.0,97
002228,2021,annual,cash_flow,F136N,经营性应付项目的增加,1001000000.0,98
002228,2020,annual,cash_flow,F123N,净利润,327000000.0,85
002228,2020,annual,cash_flow,F125N,固定资产折旧,168000000.0,87
002228,2020,annual,cash_flow,F134N,存货的减少,-317000000.0,96
002228,2020,annual,cash_flow,F135N,经营性应收项目的减少,-713000000.0,97
002228,2020,annual,cash_flow,F136N,经营性应付项目的增加,782000000.0,98
