stock_code,year,period,statement_type,field_code,field_name,value,display_order
002243,2022,annual,cash_flow,F123N,净利润,1948999999.9999998,85
002243,2022,annual,cash_flow,F126N,无形资产摊销,520000000.0,88
002243,2022,annual,cash_flow,F128N,处置固定资产损失,268000000.00000003,90
002243,2022,annual,cash_flow,F132N,递延所得税资产减少,-306000000.0,94
002243,2022,annual,cash_flow,F133N,递延所得税负债增加,127000000.0,95
002243,2022,annual,cash_flow,F134N,存货的减少,-239000000.0,96
002243,2021,annual,cash_flow,F123N,净利润,2003000000.0,85
002243,2021,annual,cash_flow,F126N,无形资产摊销,783000000.0,88
002243,2021,annual,cash_flow,F128N,处置固定资产损失,243000000.00000003,90
002243,2021,annual,cash_flow,F132N,递延所得税资产减少,-280000000.0,94
002243,2021,annual,cash_flow,F134N,存货的减少,-177000000.0,96
002243,2021,annual,cash_flow,F137N,其他,-1611000000.0,99
002243,2020,annual,cash_flow,F123N,净利润,2127000000.0,85
002243,2020,annual,cash_flow,F126N,无形资产摊销,627000000.0,88
002243,2020,annual,cash_flow,F128N,处置固定资产损失,159000000.0,90
002243,2020,annual,cash_flow,F134N,存货的减少,-301000000.0,96
002243,2020,annual,cash_flow,F137N,其他,-825000000.0,99
