stock_code,year,period,statement_type,field_code,field_name,value,display_order
002200,2022,annual,cash_flow,F123N,净利润,189000000.0,85
002200,2022,annual,cash_flow,F137N,其他,-434000000.0,99
002200,2021,annual,cash_flow,F123N,净利润,112999999.99999999,85
002200,2021,annual,cash_flow,F126N,无形资产摊销,-108000000.0,88
002200,2020,annual,cash_flow,F123N,净利润,378000000.0,85
002200,2020,annual,cash_flow,F126N,无形资产摊销,-114999999.99999999,88
002200,2020,annual,cash_flow,F132N,递延所得税资产减少,124000000.0,94
002200,2020,annual,cash_flow,F137N,其他,202999999.99999997,99
