stock_code,year,period,statement_type,field_code,field_name,value,display_order
002399,2022,annual,cash_flow,F123N,净利润,715000000.0,85
002399,2022,annual,cash_flow,F125N,固定资产折旧,249000000.00000003,87
002399,2022,annual,cash_flow,F131N,投资损失,105000000.0,93
002399,2022,annual,cash_flow,F134N,存货的减少,-2152000000.0,96
002399,2022,annual,cash_flow,F135N,经营性应收项目的减少,-176000000.0,97
002399,2021,annual,cash_flow,F123N,净利润,233000000.0,85
002399,2021,annual,cash_flow,F124N,资产减值准备,258000000.0,86
002399,2021,annual,cash_flow,F125N,固定资产折旧,246000000.0,87
002399,2021,annual,cash_flow,F133N,递延所得税负债增加,-129000000.0,95
002399,2021,annual,cash_flow,F134N,存货的减少,-1520000000.0,96
002399,2021,annual,cash_flow,F135N,经营性应收项目的减少,142000000.0,97
002399,2021,annual,cash_flow,F136N,经营性应付项目的增加,424000000.0,98
002399,2020,annual,cash_flow,F123N,净利润,1022000000.0000001,85
002399,2020,annual,cash_flow,F125N,固定资产折旧,247000000.00000003,87
002399,2020,annual,cash_flow,F130N,公允价值变动损失,-494000000.00000006,92
002399,2020,annual,cash_flow,F131N,投资损失,-267000000.0,93
002399,2020,annual,cash_flow,F133N,递延所得税负债增加,139000000.0,95
002399,2020,annual,cash_flow,F134N,存货的减少,-764000000.0,96
002399,2020,annual,cash_flow,F135N,经营性应收项目的减少,-347000000.0,97
002399,2020,annual,cash_flow,F136N,经营性应付项目的增加,173000000.0,98
