stock_code,year,period,statement_type,field_code,field_name,value,display_order
002307,2022,annual,cash_flow,F124N,资产减值准备,128000000.0,86
002307,2022,annual,cash_flow,F126N,无形资产摊销,200000000.0,88
002307,2022,annual,cash_flow,F134N,存货的减少,462000000.0,96
002307,2022,annual,cash_flow,F135N,经营性应收项目的减少,-3217000000.0,97
002307,2022,annual,cash_flow,F136N,经营性应付项目的增加,1597000000.0,98
002307,2021,annual,cash_flow,F126N,无形资产摊销,155000000.0,88
002307,2021,annual,cash_flow,F131N,投资损失,-148000000.0,93
002307,2021,annual,cash_flow,F134N,存货的减少,826000000.0,96
002307,2021,annual,cash_flow,F135N,经营性应收项目的减少,-2306000000.0,97
002307,2021,annual,cash_flow,F136N,经营性应付项目的增加,270000000.0,98
002307,2020,annual,cash_flow,F125N,固定资产折旧,112000000.00000001,87
002307,2020,annual,cash_flow,F127N,长期待摊费用摊销,104000000.0,89
002307,2020,annual,cash_flow,F134N,存货的减少,-830000000.0000001,96
002307,2020,annual,cash_flow,F135N,经营性应收项目的减少,109000000.00000001,97
002307,2020,annual,cash_flow,F136N,经营性应付项目的增加,-515000000.00000006,98
