stock_code,year,period,statement_type,field_code,field_name,value,display_order
002341,2022,annual,cash_flow,F123N,净利润,-1239000000.0,85
002341,2022,annual,cash_flow,F124N,资产减值准备,911999999.9999999,86
002341,2021,annual,cash_flow,F123N,净利润,-1277000000.0,85
002341,2021,annual,cash_flow,F124N,资产减值准备,838000000.0000001,86
002341,2021,annual,cash_flow,F125N,固定资产折旧,166000000.0,87
002341,2021,annual,cash_flow,F135N,经营性应收项目的减少,216000000.0,97
002341,2020,annual,cash_flow,F123N,净利润,-1303000000.0,85
002341,2020,annual,cash_flow,F124N,资产减值准备,868000000.0,86
002341,2020,annual,cash_flow,F125N,固定资产折旧,153000000.0,87
002341,2020,annual,cash_flow,F135N,经营性应收项目的减少,287000000.0,97
