stock_code,year,period,statement_type,field_code,field_name,value,display_order
002385,2022,annual,cash_flow,F123N,净利润,309000000.0,85
002385,2022,annual,cash_flow,F124N,资产减值准备,137000000.0,86
002385,2022,annual,cash_flow,F125N,固定资产折旧,1013000000.0000001,87
002385,2022,annual,cash_flow,F131N,投资损失,-256000000.0,93
002385,2022,annual,cash_flow,F134N,存货的减少,-1735000000.0000002,96
002385,2022,annual,cash_flow,F135N,经营性应收项目的减少,-315000000.0,97
002385,2022,annual,cash_flow,F136N,经营性应付项目的增加,1384000000.0,98
002385,2021,annual,cash_flow,F123N,净利润,-938000000.0000001,85
002385,2021,annual,cash_flow,F124N,资产减值准备,487000000.0,86
002385,2021,annual,cash_flow,F125N,固定资产折旧,936999999.9999999,87
002385,2021,annual,cash_flow,F135N,经营性应收项目的减少,101000000.0,97
002385,2020,annual,cash_flow,F123N,净利润,2573000000.0,85
002385,2020,annual,cash_flow,F124N,资产减值准备,140000000.0,86
002385,2020,annual,cash_flow,F125N,固定资产折旧,616000000.0,87
002385,2020,annual,cash_flow,F131N,投资损失,-752000000.0,93
002385,2020,annual,cash_flow,F134N,存货的减少,-1860000000.0000002,96
002385,2020,annual,cash_flow,F135N,经营性应收项目的减少,-167000000.0,97
002385,2020,annual,cash_flow,F136N,经营性应付项目的增加,748000000.0,98
