stock_code,year,period,statement_type,field_code,field_name,value,display_order
002411,2022,annual,cash_flow,F123N,净利润,500000000.0,85
002411,2022,annual,cash_flow,F124N,资产减值准备,1154000000.0,86
002411,2022,annual,cash_flow,F127N,长期待摊费用摊销,-1007000000.0,89
002411,2022,annual,cash_flow,F128N,处置固定资产损失,1123000000.0,90
002411,2022,annual,cash_flow,F129N,固定资产报废损失,318000000.0,91
002411,2022,annual,cash_flow,F131N,投资损失,-213000000.0,93
002411,2022,annual,cash_flow,F134N,存货的减少,241000000.0,96
002411,2022,annual,cash_flow,F135N,经营性应收项目的减少,-547000000.0,97
002411,2022,annual,cash_flow,F136N,经营性应付项目的增加,-874000000.0,98
002411,2021,annual,cash_flow,F123N,净利润,225999999.99999997,85
002411,2021,annual,cash_flow,F124N,资产减值准备,501999999.99999994,86
002411,2021,annual,cash_flow,F127N,长期待摊费用摊销,-660000000.0,89
002411,2021,annual,cash_flow,F128N,处置固定资产损失,391000000.0,90
002411,2021,annual,cash_flow,F129N,固定资产报废损失,243000000.00000003,91
002411,2021,annual,cash_flow,F134N,存货的减少,217000000.0,96
002411,2020,annual,cash_flow,F123N,净利润,256000000.0,85
002411,2020,annual,cash_flow,F124N,资产减值准备,227000000.0,86
002411,2020,annual,cash_flow,F127N,长期待摊费用摊销,-1073000000.0,89
002411,2020,annual,cash_flow,F128N,处置固定资产损失,433000000.0,90
002411,2020,annual,cash_flow,F129N,固定资产报废损失,303000000.0,91
002411,2020,annual,cash_flow,F134N,存货的减少,548000000.0,96
