stock_code,year,period,statement_type,field_code,field_name,value,display_order
002479,2022,annual,cash_flow,F123N,净利润,964000000.0,85
002479,2022,annual,cash_flow,F124N,资产减值准备,1011999999.9999999,86
002479,2022,annual,cash_flow,F127N,长期待摊费用摊销,364000000.0,89
002479,2022,annual,cash_flow,F129N,固定资产报废损失,280000000.0,91
002479,2022,annual,cash_flow,F131N,投资损失,-150000000.0,93
002479,2022,annual,cash_flow,F132N,递延所得税资产减少,1200.0,94
002479,2022,annual,cash_flow,F134N,存货的减少,134000000.00000001,96
002479,2021,annual,cash_flow,F123N,净利润,542000000.0,85
002479,2021,annual,cash_flow,F124N,资产减值准备,964000000.0,86
002479,2021,annual,cash_flow,F127N,长期待摊费用摊销,385000000.0,89
002479,2021,annual,cash_flow,F129N,固定资产报废损失,260000000.0,91
002479,2021,annual,cash_flow,F132N,递延所得税资产减少,1300.0,94
002479,2021,annual,cash_flow,F134N,存货的减少,149000000.0,96
002479,2020,annual,cash_flow,F123N,净利润,888000000.0000001,85
002479,2020,annual,cash_flow,F124N,资产减值准备,542000000.0,86
002479,2020,annual,cash_flow,F127N,长期待摊费用摊销,362000000.0,89
002479,2020,annual,cash_flow,F129N,固定资产报废损失,305000000.0,91
002479,2020,annual,cash_flow,F134N,存货的减少,144000000.0,96
002479,2020,annual,cash_flow,F135N,经营性应收项目的减少,-144000000.0,97
