stock_code,year,period,statement_type,field_code,field_name,value,display_order
002427,2022,annual,cash_flow,F123N,净利润,518000000.0,85
002427,2022,annual,cash_flow,F125N,固定资产折旧,227999999.99999997,87
002427,2022,annual,cash_flow,F129N,固定资产报废损失,1500.0,91
002427,2022,annual,cash_flow,F131N,投资损失,-1068000000.0,93
002427,2022,annual,cash_flow,F135N,经营性应收项目的减少,-407000000.0,97
002427,2021,annual,cash_flow,F123N,净利润,-1411000000.0,85
002427,2021,annual,cash_flow,F124N,资产减值准备,557000000.0,86
002427,2021,annual,cash_flow,F125N,固定资产折旧,241000000.0,87
002427,2021,annual,cash_flow,F132N,递延所得税资产减少,121000000.0,94
002427,2021,annual,cash_flow,F135N,经营性应收项目的减少,-100000000.0,97
002427,2021,annual,cash_flow,F136N,经营性应付项目的增加,144000000.0,98
002427,2020,annual,cash_flow,F123N,净利润,-751000000.0,85
002427,2020,annual,cash_flow,F125N,固定资产折旧,246000000.0,87
002427,2020,annual,cash_flow,F129N,固定资产报废损失,700.0,91
002427,2020,annual,cash_flow,F135N,经营性应收项目的减少,113999999.99999999,97
