stock_code,year,period,statement_type,field_code,field_name,value,display_order
002462,2022,annual,cash_flow,F123N,净利润,2201000000.0,85
002462,2022,annual,cash_flow,F124N,资产减值准备,1698999999.9999998,86
002462,2022,annual,cash_flow,F127N,长期待摊费用摊销,468000000.0,89
002462,2022,annual,cash_flow,F128N,处置固定资产损失,114999999.99999999,90
002462,2022,annual,cash_flow,F129N,固定资产报废损失,223000000.0,91
002462,2022,annual,cash_flow,F134N,存货的减少,189000000.0,96
002462,2021,annual,cash_flow,F123N,净利润,1879000000.0,85
002462,2021,annual,cash_flow,F124N,资产减值准备,2201000000.0,86
002462,2021,annual,cash_flow,F127N,长期待摊费用摊销,602000000.0,89
002462,2021,annual,cash_flow,F129N,固定资产报废损失,198000000.0,91
002462,2021,annual,cash_flow,F134N,存货的减少,165000000.0,96
002462,2020,annual,cash_flow,F123N,净利润,1431000000.0,85
002462,2020,annual,cash_flow,F124N,资产减值准备,1879000000.0,86
002462,2020,annual,cash_flow,F127N,长期待摊费用摊销,591000000.0,89
002462,2020,annual,cash_flow,F128N,处置固定资产损失,132000000.0,90
002462,2020,annual,cash_flow,F129N,固定资产报废损失,173000000.0,91
002462,2020,annual,cash_flow,F134N,存货的减少,181000000.0,96
