stock_code,year,period,statement_type,field_code,field_name,value,display_order
002433,2022,annual,cash_flow,F126N,无形资产摊销,-1000000000.0,88
002433,2022,annual,cash_flow,F127N,长期待摊费用摊销,487000000.0,89
002433,2022,annual,cash_flow,F128N,处置固定资产损失,100000000.0,90
002433,2022,annual,cash_flow,F136N,经营性应付项目的增加,482000000.0,98
002433,2022,annual,cash_flow,F137N,其他,445000000.0,99
002433,2021,annual,cash_flow,F126N,无形资产摊销,-832000000.0,88
002433,2021,annual,cash_flow,F127N,长期待摊费用摊销,457000000.0,89
002433,2021,annual,cash_flow,F128N,处置固定资产损失,112000000.00000001,90
002433,2021,annual,cash_flow,F132N,递延所得税资产减少,150000000.0,94
002433,2021,annual,cash_flow,F136N,经营性应付项目的增加,292000000.0,98
002433,2021,annual,cash_flow,F137N,其他,-189000000.0,99
002433,2020,annual,cash_flow,F123N,净利润,101000000.0,85
002433,2020,annual,cash_flow,F132N,递延所得税资产减少,138000000.0,94
002433,2020,annual,cash_flow,F136N,经营性应付项目的增加,-451999999.99999994,98
002433,2020,annual,cash_flow,F137N,其他,166000000.0,99
