stock_code,year,period,statement_type,field_code,field_name,value,display_order
002459,2022,annual,cash_flow,F123N,净利润,5540000000.0,85
002459,2022,annual,cash_flow,F124N,资产减值准备,1144000000.0,86
002459,2022,annual,cash_flow,F125N,固定资产折旧,2495000000.0,87
002459,2022,annual,cash_flow,F127N,长期待摊费用摊销,511000000.00000006,89
002459,2022,annual,cash_flow,F128N,处置固定资产损失,158000000.0,90
002459,2022,annual,cash_flow,F130N,公允价值变动损失,199000000.0,92
002459,2022,annual,cash_flow,F131N,投资损失,-317000000.0,93
002459,2022,annual,cash_flow,F134N,存货的减少,-4276000000.0,96
002459,2022,annual,cash_flow,F135N,经营性应收项目的减少,-5723000000.0,97
002459,2022,annual,cash_flow,F136N,经营性应付项目的增加,8513000000.0,98
002459,2021,annual,cash_flow,F123N,净利润,2088000000.0,85
002459,2021,annual,cash_flow,F124N,资产减值准备,625000000.0,86
002459,2021,annual,cash_flow,F125N,固定资产折旧,2151000000.0,87
002459,2021,annual,cash_flow,F127N,长期待摊费用摊销,366000000.0,89
002459,2021,annual,cash_flow,F131N,投资损失,-425000000.0,93
002459,2021,annual,cash_flow,F132N,递延所得税资产减少,-391000000.0,94
002459,2021,annual,cash_flow,F133N,递延所得税负债增加,268000000.00000003,95
002459,2021,annual,cash_flow,F134N,存货的减少,-2947000000.0,96
002459,2021,annual,cash_flow,F135N,经营性应收项目的减少,-2758000000.0,97
002459,2021,annual,cash_flow,F136N,经营性应付项目的增加,3811000000.0,98
002459,2020,annual,cash_flow,F123N,净利润,1548000000.0,85
002459,2020,annual,cash_flow,F124N,资产减值准备,169000000.0,86
002459,2020,annual,cash_flow,F125N,固定资产折旧,1677000000.0,87
002459,2020,annual,cash_flow,F127N,长期待摊费用摊销,146000000.0,89
002459,2020,annual,cash_flow,F131N,投资损失,-273000000.0,93
002459,2020,annual,cash_flow,F133N,递延所得税负债增加,111000000.00000001,95
002459,2020,annual,cash_flow,F134N,存货的减少,-2231000000.0,96
002459,2020,annual,cash_flow,F135N,经营性应收项目的减少,-751000000.0,97
002459,2020,annual,cash_flow,F136N,经营性应付项目的增加,1170000000.0,98
