stock_code,year,period,statement_type,field_code,field_name,value,display_order
002408,2022,annual,cash_flow,F123N,净利润,1297000000.0,85
002408,2022,annual,cash_flow,F124N,资产减值准备,851000000.0,86
002408,2022,annual,cash_flow,F127N,长期待摊费用摊销,598000000.0,89
002408,2022,annual,cash_flow,F128N,处置固定资产损失,246000000.0,90
002408,2022,annual,cash_flow,F129N,固定资产报废损失,1172000000.0,91
002408,2022,annual,cash_flow,F134N,存货的减少,233000000.0,96
002408,2021,annual,cash_flow,F123N,净利润,1466000000.0,85
002408,2021,annual,cash_flow,F124N,资产减值准备,1297000000.0,86
002408,2021,annual,cash_flow,F127N,长期待摊费用摊销,2447000000.0,89
002408,2021,annual,cash_flow,F128N,处置固定资产损失,134000000.00000001,90
002408,2021,annual,cash_flow,F129N,固定资产报废损失,941000000.0,91
002408,2021,annual,cash_flow,F130N,公允价值变动损失,110000000.00000001,92
002408,2021,annual,cash_flow,F134N,存货的减少,227000000.0,96
002408,2020,annual,cash_flow,F123N,净利润,1079000000.0,85
002408,2020,annual,cash_flow,F124N,资产减值准备,1466000000.0,86
002408,2020,annual,cash_flow,F127N,长期待摊费用摊销,1027999999.9999999,89
002408,2020,annual,cash_flow,F129N,固定资产报废损失,674000000.0,91
002408,2020,annual,cash_flow,F130N,公允价值变动损失,101000000.0,92
002408,2020,annual,cash_flow,F134N,存货的减少,183000000.0,96
