stock_code,year,period,statement_type,field_code,field_name,value,display_order
002403,2022,annual,cash_flow,F125N,固定资产折旧,169000000.0,87
002403,2022,annual,cash_flow,F134N,存货的减少,142000000.0,96
002403,2022,annual,cash_flow,F135N,经营性应收项目的减少,221000000.0,97
002403,2022,annual,cash_flow,F136N,经营性应付项目的增加,-546000000.0,98
002403,2021,annual,cash_flow,F123N,净利润,-100000000.0,85
002403,2021,annual,cash_flow,F125N,固定资产折旧,154000000.0,87
002403,2021,annual,cash_flow,F134N,存货的减少,-161000000.0,96
002403,2021,annual,cash_flow,F136N,经营性应付项目的增加,331000000.0,98
002403,2020,annual,cash_flow,F123N,净利润,105000000.0,85
002403,2020,annual,cash_flow,F125N,固定资产折旧,113999999.99999999,87
002403,2020,annual,cash_flow,F128N,处置固定资产损失,-272000000.0,90
002403,2020,annual,cash_flow,F134N,存货的减少,-134000000.00000001,96
