stock_code,year,period,statement_type,field_code,field_name,value,display_order
002558,2022,annual,cash_flow,F123N,净利润,834000000.0,85
002558,2022,annual,cash_flow,F130N,公允价值变动损失,153000000.0,92
002558,2022,annual,cash_flow,F131N,投资损失,-359000000.0,93
002558,2021,annual,cash_flow,F123N,净利润,990000000.0,85
002558,2021,annual,cash_flow,F131N,投资损失,-618000000.0,93
002558,2020,annual,cash_flow,F123N,净利润,1041000000.0,85
002558,2020,annual,cash_flow,F131N,投资损失,-459999999.99999994,93
002558,2020,annual,cash_flow,F135N,经营性应收项目的减少,110000000.00000001,97
002558,2020,annual,cash_flow,F136N,经营性应付项目的增加,152000000.0,98
