stock_code,year,period,statement_type,field_code,field_name,value,display_order
002586,2022,annual,cash_flow,F123N,净利润,285000000.0,85
002586,2022,annual,cash_flow,F124N,资产减值准备,654000000.0,86
002586,2022,annual,cash_flow,F127N,长期待摊费用摊销,-706000000.0,89
002586,2022,annual,cash_flow,F128N,处置固定资产损失,541000000.0,90
002586,2021,annual,cash_flow,F123N,净利润,318000000.0,85
002586,2021,annual,cash_flow,F124N,资产减值准备,285000000.0,86
002586,2021,annual,cash_flow,F127N,长期待摊费用摊销,-126000000.0,89
002586,2021,annual,cash_flow,F128N,处置固定资产损失,222000000.00000003,90
002586,2021,annual,cash_flow,F134N,存货的减少,115999999.99999999,96
002586,2020,annual,cash_flow,F123N,净利润,751000000.0,85
002586,2020,annual,cash_flow,F124N,资产减值准备,318000000.0,86
002586,2020,annual,cash_flow,F127N,长期待摊费用摊销,-426000000.0,89
002586,2020,annual,cash_flow,F128N,处置固定资产损失,156000000.0,90
002586,2020,annual,cash_flow,F134N,存货的减少,134000000.00000001,96
