stock_code,year,period,statement_type,field_code,field_name,value,display_order
002513,2022,annual,cash_flow,F123N,净利润,-321000000.0,85
002513,2021,annual,cash_flow,F123N,净利润,-491000000.0,85
002513,2021,annual,cash_flow,F124N,资产减值准备,329000000.0,86
002513,2021,annual,cash_flow,F125N,固定资产折旧,112999999.99999999,87
002513,2020,annual,cash_flow,F125N,固定资产折旧,114999999.99999999,87
002513,2020,annual,cash_flow,F135N,经营性应收项目的减少,488999999.99999994,97
002513,2020,annual,cash_flow,F136N,经营性应付项目的增加,-486000000.00000006,98
