stock_code,year,period,statement_type,field_code,field_name,value,display_order
002534,2022,annual,cash_flow,F123N,净利润,3670000000.0000005,85
002534,2022,annual,cash_flow,F124N,资产减值准备,3490999999.9999995,86
002534,2022,annual,cash_flow,F127N,长期待摊费用摊销,262000000.0,89
002534,2022,annual,cash_flow,F128N,处置固定资产损失,133000000.0,90
002534,2022,annual,cash_flow,F129N,固定资产报废损失,146000000.0,91
002534,2021,annual,cash_flow,F123N,净利润,2314000000.0,85
002534,2021,annual,cash_flow,F124N,资产减值准备,3670000000.0000005,86
002534,2021,annual,cash_flow,F127N,长期待摊费用摊销,470000000.0,89
002534,2021,annual,cash_flow,F129N,固定资产报废损失,119000000.0,91
002534,2020,annual,cash_flow,F123N,净利润,1794000000.0000002,85
002534,2020,annual,cash_flow,F124N,资产减值准备,2314000000.0,86
002534,2020,annual,cash_flow,F127N,长期待摊费用摊销,614000000.0,89
002534,2020,annual,cash_flow,F135N,经营性应收项目的减少,-177000000.0,97
