stock_code,year,period,statement_type,field_code,field_name,value,display_order
002539,2022,annual,cash_flow,F123N,净利润,1492000000.0,85
002539,2022,annual,cash_flow,F125N,固定资产折旧,644000000.0,87
002539,2022,annual,cash_flow,F134N,存货的减少,-372000000.0,96
002539,2022,annual,cash_flow,F135N,经营性应收项目的减少,-2073000000.0,97
002539,2022,annual,cash_flow,F136N,经营性应付项目的增加,787000000.0,98
002539,2021,annual,cash_flow,F123N,净利润,1237000000.0,85
002539,2021,annual,cash_flow,F125N,固定资产折旧,676000000.0,87
002539,2021,annual,cash_flow,F134N,存货的减少,-1378000000.0,96
002539,2021,annual,cash_flow,F135N,经营性应收项目的减少,-1286000000.0,97
002539,2021,annual,cash_flow,F136N,经营性应付项目的增加,1327000000.0,98
002539,2020,annual,cash_flow,F123N,净利润,507000000.0,85
002539,2020,annual,cash_flow,F125N,固定资产折旧,613000000.0,87
002539,2020,annual,cash_flow,F134N,存货的减少,-173000000.0,96
002539,2020,annual,cash_flow,F135N,经营性应收项目的减少,-463999999.99999994,97
002539,2020,annual,cash_flow,F136N,经营性应付项目的增加,268000000.00000003,98
