stock_code,year,period,statement_type,field_code,field_name,value,display_order
002678,2022,annual,cash_flow,F123N,净利润,125000000.0,85
002678,2022,annual,cash_flow,F125N,固定资产折旧,120000000.0,87
002678,2022,annual,cash_flow,F134N,存货的减少,-110000000.00000001,96
002678,2021,annual,cash_flow,F123N,净利润,191000000.0,85
002678,2021,annual,cash_flow,F125N,固定资产折旧,112000000.00000001,87
002678,2020,annual,cash_flow,F123N,净利润,173000000.0,85
002678,2020,annual,cash_flow,F128N,处置固定资产损失,8500.0,90
002678,2020,annual,cash_flow,F136N,经营性应付项目的增加,225999999.99999997,98
