stock_code,year,period,statement_type,field_code,field_name,value,display_order
002607,2022,annual,cash_flow,F123N,净利润,1970000000.0,85
002607,2022,annual,cash_flow,F124N,资产减值准备,381000000.0,86
002607,2022,annual,cash_flow,F127N,长期待摊费用摊销,-1101000000.0,89
002607,2022,annual,cash_flow,F129N,固定资产报废损失,605000000.0,91
002607,2022,annual,cash_flow,F132N,递延所得税资产减少,1800.0,94
002607,2022,annual,cash_flow,F136N,经营性应付项目的增加,-169000000.0,98
002607,2021,annual,cash_flow,F123N,净利润,5950000000.0,85
002607,2021,annual,cash_flow,F124N,资产减值准备,1970000000.0,86
002607,2021,annual,cash_flow,F127N,长期待摊费用摊销,-2370000000.0,89
002607,2021,annual,cash_flow,F129N,固定资产报废损失,624000000.0,91
002607,2021,annual,cash_flow,F132N,递延所得税资产减少,5300.0,94
002607,2021,annual,cash_flow,F134N,存货的减少,275000000.0,96
002607,2021,annual,cash_flow,F136N,经营性应付项目的增加,-401999999.99999994,98
002607,2020,annual,cash_flow,F123N,净利润,2724000000.0,85
002607,2020,annual,cash_flow,F124N,资产减值准备,5950000000.0,86
002607,2020,annual,cash_flow,F127N,长期待摊费用摊销,2304000000.0,89
002607,2020,annual,cash_flow,F134N,存货的减少,172000000.0,96
002607,2020,annual,cash_flow,F135N,经营性应收项目的减少,-256999999.99999997,97
