stock_code,year,period,statement_type,field_code,field_name,value,display_order
002675,2022,annual,cash_flow,F123N,净利润,927000000.0,85
002675,2022,annual,cash_flow,F126N,无形资产摊销,353000000.0,88
002675,2022,annual,cash_flow,F128N,处置固定资产损失,110000000.00000001,90
002675,2022,annual,cash_flow,F137N,其他,-112000000.00000001,99
002675,2021,annual,cash_flow,F123N,净利润,736000000.0,85
002675,2021,annual,cash_flow,F126N,无形资产摊销,261000000.0,88
002675,2021,annual,cash_flow,F127N,长期待摊费用摊销,219000000.0,89
002675,2020,annual,cash_flow,F123N,净利润,714000000.0,85
002675,2020,annual,cash_flow,F126N,无形资产摊销,517000000.0,88
