stock_code,year,period,statement_type,field_code,field_name,value,display_order
002698,2022,annual,cash_flow,F123N,净利润,657000000.0,85
002698,2022,annual,cash_flow,F126N,无形资产摊销,448000000.00000006,88
002698,2022,annual,cash_flow,F137N,其他,-401000000.0,99
002698,2021,annual,cash_flow,F123N,净利润,290000000.0,85
002698,2021,annual,cash_flow,F126N,无形资产摊销,520000000.0,88
002698,2021,annual,cash_flow,F130N,公允价值变动损失,6400.0,92
002698,2021,annual,cash_flow,F137N,其他,-133000000.0,99
002698,2020,annual,cash_flow,F123N,净利润,112999999.99999999,85
002698,2020,annual,cash_flow,F126N,无形资产摊销,470000000.0,88
