stock_code,year,period,statement_type,field_code,field_name,value,display_order
002678,2022,annual,cash_flow,F123N,净利润,1480000000.0,85
002678,2022,annual,cash_flow,F126N,无形资产摊销,125000000.0,88
002678,2022,annual,cash_flow,F128N,处置固定资产损失,120000000.0,90
002678,2022,annual,cash_flow,F137N,其他,-110000000.00000001,99
002678,2021,annual,cash_flow,F123N,净利润,1636000000.0,85
002678,2021,annual,cash_flow,F126N,无形资产摊销,191000000.0,88
002678,2021,annual,cash_flow,F128N,处置固定资产损失,112000000.00000001,90
002678,2020,annual,cash_flow,F123N,净利润,1928000000.0,85
002678,2020,annual,cash_flow,F126N,无形资产摊销,173000000.0,88
