stock_code,year,period,statement_type,field_code,field_name,value,display_order
002669,2022,annual,cash_flow,F134N,存货的减少,-220000000.00000003,96
002669,2022,annual,cash_flow,F135N,经营性应收项目的减少,-222000000.00000003,97
002669,2022,annual,cash_flow,F136N,经营性应付项目的增加,158000000.0,98
002669,2021,annual,cash_flow,F134N,存货的减少,-113999999.99999999,96
002669,2021,annual,cash_flow,F136N,经营性应付项目的增加,249000000.00000003,98
002669,2020,annual,cash_flow,F123N,净利润,215000000.0,85
002669,2020,annual,cash_flow,F134N,存货的减少,-102000000.0,96
002669,2020,annual,cash_flow,F135N,经营性应收项目的减少,-504000000.0,97
002669,2020,annual,cash_flow,F136N,经营性应付项目的增加,163000000.0,98
