stock_code,year,period,statement_type,field_code,field_name,value,display_order
002628,2022,annual,cash_flow,F132N,递延所得税资产减少,138000000.0,94
002628,2022,annual,cash_flow,F133N,递延所得税负债增加,-222000000.00000003,95
002628,2022,annual,cash_flow,F137N,其他,426999999.99999994,99
002628,2021,annual,cash_flow,F132N,递延所得税资产减少,162000000.0,94
002628,2021,annual,cash_flow,F133N,递延所得税负债增加,-222000000.00000003,95
002628,2021,annual,cash_flow,F137N,其他,-526000000.0,99
002628,2020,annual,cash_flow,F132N,递延所得税资产减少,107000000.0,94
002628,2020,annual,cash_flow,F133N,递延所得税负债增加,-192000000.0,95
002628,2020,annual,cash_flow,F137N,其他,-839000000.0,99
