stock_code,year,period,statement_type,field_code,field_name,value,display_order
002781,2022,annual,cash_flow,F125N,固定资产折旧,-265000000.0,87
002781,2022,annual,cash_flow,F137N,其他,112999999.99999999,99
002781,2021,annual,cash_flow,F125N,固定资产折旧,-1750000000.0,87
002781,2021,annual,cash_flow,F126N,无形资产摊销,286000000.0,88
002781,2021,annual,cash_flow,F137N,其他,179000000.0,99
002781,2020,annual,cash_flow,F125N,固定资产折旧,-526999999.99999994,87
002781,2020,annual,cash_flow,F126N,无形资产摊销,139000000.0,88
002781,2020,annual,cash_flow,F137N,其他,434000000.0,99
