stock_code,year,period,statement_type,field_code,field_name,value,display_order
002727,2022,annual,cash_flow,F123N,净利润,1013000000.0000001,85
002727,2022,annual,cash_flow,F124N,资产减值准备,260000000.0,86
002727,2022,annual,cash_flow,F125N,固定资产折旧,986999999.9999999,87
002727,2022,annual,cash_flow,F127N,长期待摊费用摊销,154000000.0,89
002727,2022,annual,cash_flow,F134N,存货的减少,-235000000.0,96
002727,2022,annual,cash_flow,F135N,经营性应收项目的减少,-766000000.0,97
002727,2022,annual,cash_flow,F136N,经营性应付项目的增加,1026000000.0,98
002727,2021,annual,cash_flow,F123N,净利润,917000000.0,85
002727,2021,annual,cash_flow,F124N,资产减值准备,126000000.0,86
002727,2021,annual,cash_flow,F125N,固定资产折旧,1075000000.0,87
002727,2021,annual,cash_flow,F127N,长期待摊费用摊销,129000000.0,89
002727,2021,annual,cash_flow,F134N,存货的减少,-1237000000.0,96
002727,2021,annual,cash_flow,F135N,经营性应收项目的减少,-740000000.0,97
002727,2021,annual,cash_flow,F136N,经营性应付项目的增加,1400000000.0,98
002727,2020,annual,cash_flow,F123N,净利润,789000000.0,85
002727,2020,annual,cash_flow,F127N,长期待摊费用摊销,160000000.0,89
002727,2020,annual,cash_flow,F134N,存货的减少,-237000000.0,96
002727,2020,annual,cash_flow,F135N,经营性应收项目的减少,-279000000.0,97
002727,2020,annual,cash_flow,F136N,经营性应付项目的增加,571000000.0,98
