stock_code,year,period,statement_type,field_code,field_name,value,display_order
002761,2022,annual,cash_flow,F123N,净利润,6915000000.000001,85
002761,2022,annual,cash_flow,F126N,无形资产摊销,1209000000.0,88
002761,2022,annual,cash_flow,F127N,长期待摊费用摊销,1430000000.0,89
002761,2022,annual,cash_flow,F128N,处置固定资产损失,357000000.0,90
002761,2022,annual,cash_flow,F133N,递延所得税负债增加,1036999999.9999999,95
002761,2022,annual,cash_flow,F135N,经营性应收项目的减少,-373000000.0,97
002761,2022,annual,cash_flow,F137N,其他,150000000.0,99
002761,2021,annual,cash_flow,F123N,净利润,6777000000.0,85
002761,2021,annual,cash_flow,F126N,无形资产摊销,1268000000.0,88
002761,2021,annual,cash_flow,F127N,长期待摊费用摊销,1376000000.0,89
002761,2021,annual,cash_flow,F128N,处置固定资产损失,403000000.0,90
002761,2021,annual,cash_flow,F133N,递延所得税负债增加,882000000.0,95
002761,2021,annual,cash_flow,F135N,经营性应收项目的减少,-361000000.0,97
002761,2020,annual,cash_flow,F123N,净利润,8464000000.0,85
002761,2020,annual,cash_flow,F126N,无形资产摊销,1154000000.0,88
002761,2020,annual,cash_flow,F127N,长期待摊费用摊销,326000000.0,89
002761,2020,annual,cash_flow,F128N,处置固定资产损失,254000000.0,90
002761,2020,annual,cash_flow,F133N,递延所得税负债增加,961999999.9999999,95
002761,2020,annual,cash_flow,F137N,其他,-100000000.0,99
