stock_code,year,period,statement_type,field_code,field_name,value,display_order
002807,2022,annual,cash_flow,F125N,固定资产折旧,1617000000.0000002,87
002807,2022,annual,cash_flow,F127N,长期待摊费用摊销,114999999.99999999,89
002807,2022,annual,cash_flow,F132N,递延所得税资产减少,-390000000.0,94
002807,2022,annual,cash_flow,F135N,经营性应收项目的减少,-13785000000.0,97
002807,2022,annual,cash_flow,F136N,经营性应付项目的增加,11758000000.0,98
002807,2021,annual,cash_flow,F125N,固定资产折旧,1285000000.0,87
002807,2021,annual,cash_flow,F127N,长期待摊费用摊销,110000000.00000001,89
002807,2021,annual,cash_flow,F132N,递延所得税资产减少,-305000000.0,94
002807,2021,annual,cash_flow,F135N,经营性应收项目的减少,-11672000000.0,97
002807,2021,annual,cash_flow,F136N,经营性应付项目的增加,13712000000.0,98
002807,2020,annual,cash_flow,F125N,固定资产折旧,1069999999.9999999,87
002807,2020,annual,cash_flow,F132N,递延所得税资产减少,-638000000.0,94
002807,2020,annual,cash_flow,F133N,递延所得税负债增加,-110000000.00000001,95
002807,2020,annual,cash_flow,F135N,经营性应收项目的减少,-12241000000.0,97
002807,2020,annual,cash_flow,F136N,经营性应付项目的增加,14016999999.999998,98
