stock_code,year,period,statement_type,field_code,field_name,value,display_order
002821,2022,annual,cash_flow,F123N,净利润,4418000000.0,85
002821,2022,annual,cash_flow,F126N,无形资产摊销,3295000000.0000005,88
002821,2022,annual,cash_flow,F128N,处置固定资产损失,321000000.0,90
002821,2022,annual,cash_flow,F133N,递延所得税负债增加,-277000000.0,95
002821,2022,annual,cash_flow,F137N,其他,-113999999.99999999,99
002821,2021,annual,cash_flow,F123N,净利润,6232000000.0,85
002821,2021,annual,cash_flow,F126N,无形资产摊销,1069000000.0,88
002821,2021,annual,cash_flow,F128N,处置固定资产损失,204000000.0,90
002821,2021,annual,cash_flow,F137N,其他,-670000000.0,99
002821,2020,annual,cash_flow,F123N,净利润,2122000000.0,85
002821,2020,annual,cash_flow,F126N,无形资产摊销,722000000.0,88
002821,2020,annual,cash_flow,F128N,处置固定资产损失,151000000.0,90
002821,2020,annual,cash_flow,F137N,其他,-271000000.0,99
