stock_code,year,period,statement_type,field_code,field_name,value,display_order
002822,2022,annual,cash_flow,F123N,净利润,994999999.9999999,85
002822,2022,annual,cash_flow,F133N,递延所得税负债增加,123000000.0,95
002822,2022,annual,cash_flow,F137N,其他,-127000000.0,99
002822,2021,annual,cash_flow,F123N,净利润,1445000000.0,85
002822,2021,annual,cash_flow,F126N,无形资产摊销,108000000.0,88
002822,2021,annual,cash_flow,F127N,长期待摊费用摊销,122000000.0,89
002822,2021,annual,cash_flow,F133N,递延所得税负债增加,110000000.00000001,95
002822,2020,annual,cash_flow,F123N,净利润,1099000000.0,85
002822,2020,annual,cash_flow,F126N,无形资产摊销,259000000.0,88
