stock_code,year,period,statement_type,field_code,field_name,value,display_order
002867,2022,annual,cash_flow,F123N,净利润,1087000000.0,85
002867,2022,annual,cash_flow,F134N,存货的减少,-596000000.0,96
002867,2022,annual,cash_flow,F136N,经营性应付项目的增加,362000000.0,98
002867,2021,annual,cash_flow,F123N,净利润,1222000000.0,85
002867,2021,annual,cash_flow,F124N,资产减值准备,112000000.00000001,86
002867,2021,annual,cash_flow,F134N,存货的减少,-415000000.00000006,96
002867,2021,annual,cash_flow,F135N,经营性应收项目的减少,-720000000.0,97
002867,2020,annual,cash_flow,F123N,净利润,1013000000.0000001,85
002867,2020,annual,cash_flow,F134N,存货的减少,196000000.0,96
