stock_code,year,period,statement_type,field_code,field_name,value,display_order
002906,2022,annual,cash_flow,F123N,净利润,749000000.0,85
002906,2022,annual,cash_flow,F126N,无形资产摊销,385000000.0,88
002906,2022,annual,cash_flow,F128N,处置固定资产损失,152000000.0,90
002906,2022,annual,cash_flow,F137N,其他,-339000000.0,99
002906,2021,annual,cash_flow,F123N,净利润,905000000.0000001,85
002906,2021,annual,cash_flow,F126N,无形资产摊销,298000000.0,88
002906,2021,annual,cash_flow,F128N,处置固定资产损失,129000000.0,90
002906,2021,annual,cash_flow,F137N,其他,-198000000.0,99
002906,2020,annual,cash_flow,F123N,净利润,694000000.0,85
002906,2020,annual,cash_flow,F126N,无形资产摊销,180000000.0,88
002906,2020,annual,cash_flow,F128N,处置固定资产损失,117000000.0,90
002906,2020,annual,cash_flow,F137N,其他,-202999999.99999997,99
