stock_code,year,period,statement_type,field_code,field_name,value,display_order
002936,2022,annual,cash_flow,F124N,资产减值准备,2600000000.0,86
002936,2022,annual,cash_flow,F126N,无形资产摊销,468000000.0,88
002936,2022,annual,cash_flow,F130N,公允价值变动损失,274000000.0,92
002936,2022,annual,cash_flow,F131N,投资损失,-968000000.0,93
002936,2022,annual,cash_flow,F133N,递延所得税负债增加,-52659000000.0,95
002936,2022,annual,cash_flow,F134N,存货的减少,15227000000.000002,96
002936,2022,annual,cash_flow,F136N,经营性应付项目的增加,-31350000000.0,98
002936,2021,annual,cash_flow,F124N,资产减值准备,3397999999.9999995,86
002936,2021,annual,cash_flow,F126N,无形资产摊销,454000000.0,88
002936,2021,annual,cash_flow,F131N,投资损失,-356000000.0,93
002936,2021,annual,cash_flow,F133N,递延所得税负债增加,-63117999999.99999,95
002936,2021,annual,cash_flow,F134N,存货的减少,16372000000.0,96
002936,2021,annual,cash_flow,F136N,经营性应付项目的增加,-42619000000.0,98
002936,2020,annual,cash_flow,F124N,资产减值准备,3321000000.0,86
002936,2020,annual,cash_flow,F126N,无形资产摊销,440000000.00000006,88
002936,2020,annual,cash_flow,F130N,公允价值变动损失,843000000.0,92
002936,2020,annual,cash_flow,F131N,投资损失,-634000000.0,93
002936,2020,annual,cash_flow,F133N,递延所得税负债增加,-65853000000.0,95
002936,2020,annual,cash_flow,F134N,存货的减少,52066000000.0,96
002936,2020,annual,cash_flow,F136N,经营性应付项目的增加,-11179000000.0,98
