stock_code,year,period,statement_type,field_code,field_name,value,display_order
300001,2022,annual,cash_flow,F123N,净利润,249000000.00000003,85
300001,2022,annual,cash_flow,F124N,资产减值准备,438000000.0,86
300001,2022,annual,cash_flow,F125N,固定资产折旧,518000000.0,87
300001,2022,annual,cash_flow,F126N,无形资产摊销,115999999.99999999,88
300001,2022,annual,cash_flow,F131N,投资损失,-105000000.0,93
300001,2022,annual,cash_flow,F134N,存货的减少,-215000000.0,96
300001,2022,annual,cash_flow,F135N,经营性应收项目的减少,-1584000000.0,97
300001,2022,annual,cash_flow,F136N,经营性应付项目的增加,1581000000.0,98
300001,2021,annual,cash_flow,F123N,净利润,178000000.0,85
300001,2021,annual,cash_flow,F124N,资产减值准备,137000000.0,86
300001,2021,annual,cash_flow,F125N,固定资产折旧,448000000.00000006,87
300001,2021,annual,cash_flow,F135N,经营性应收项目的减少,-1105000000.0,97
300001,2021,annual,cash_flow,F136N,经营性应付项目的增加,461000000.00000006,98
300001,2020,annual,cash_flow,F123N,净利润,185000000.0,85
300001,2020,annual,cash_flow,F124N,资产减值准备,178000000.0,86
300001,2020,annual,cash_flow,F125N,固定资产折旧,378000000.0,87
300001,2020,annual,cash_flow,F131N,投资损失,-128000000.0,93
300001,2020,annual,cash_flow,F134N,存货的减少,-341000000.0,96
300001,2020,annual,cash_flow,F135N,经营性应收项目的减少,-1212000000.0,97
300001,2020,annual,cash_flow,F136N,经营性应付项目的增加,894000000.0,98
