stock_code,year,period,statement_type,field_code,field_name,value,display_order
300080,2022,annual,cash_flow,F123N,净利润,1245000000.0,85
300080,2022,annual,cash_flow,F126N,无形资产摊销,562000000.0,88
300080,2022,annual,cash_flow,F128N,处置固定资产损失,400000000.0,90
300080,2022,annual,cash_flow,F133N,递延所得税负债增加,149000000.0,95
300080,2022,annual,cash_flow,F137N,其他,-114999999.99999999,99
300080,2021,annual,cash_flow,F123N,净利润,821000000.0000001,85
300080,2021,annual,cash_flow,F126N,无形资产摊销,-254999999.99999997,88
300080,2021,annual,cash_flow,F128N,处置固定资产损失,377000000.0,90
300080,2021,annual,cash_flow,F133N,递延所得税负债增加,131000000.0,95
300080,2021,annual,cash_flow,F137N,其他,-324000000.0,99
300080,2020,annual,cash_flow,F123N,净利润,1481000000.0,85
300080,2020,annual,cash_flow,F128N,处置固定资产损失,286000000.0,90
300080,2020,annual,cash_flow,F133N,递延所得税负债增加,105000000.0,95
