stock_code,year,period,statement_type,field_code,field_name,value,display_order
300070,2022,annual,cash_flow,F123N,净利润,789000000.0,85
300070,2022,annual,cash_flow,F124N,资产减值准备,597000000.0,86
300070,2022,annual,cash_flow,F125N,固定资产折旧,130000000.0,87
300070,2022,annual,cash_flow,F126N,无形资产摊销,512000000.0,88
300070,2022,annual,cash_flow,F131N,投资损失,-210000000.0,93
300070,2022,annual,cash_flow,F132N,递延所得税资产减少,133000000.0,94
300070,2022,annual,cash_flow,F134N,存货的减少,-214000000.0,96
300070,2022,annual,cash_flow,F135N,经营性应收项目的减少,-1491000000.0,97
300070,2022,annual,cash_flow,F136N,经营性应付项目的增加,-1102000000.0,98
300070,2021,annual,cash_flow,F123N,净利润,663000000.0,85
300070,2021,annual,cash_flow,F124N,资产减值准备,336000000.0,86
300070,2021,annual,cash_flow,F125N,固定资产折旧,146000000.0,87
300070,2021,annual,cash_flow,F126N,无形资产摊销,582000000.0,88
300070,2021,annual,cash_flow,F135N,经营性应收项目的减少,-1860000000.0000002,97
300070,2021,annual,cash_flow,F136N,经营性应付项目的增加,-2486000000.0,98
300070,2020,annual,cash_flow,F123N,净利润,1200000000.0,85
300070,2020,annual,cash_flow,F124N,资产减值准备,156000000.0,86
300070,2020,annual,cash_flow,F125N,固定资产折旧,104000000.0,87
300070,2020,annual,cash_flow,F126N,无形资产摊销,498000000.00000006,88
300070,2020,annual,cash_flow,F131N,投资损失,-275000000.0,93
300070,2020,annual,cash_flow,F134N,存货的减少,-482000000.0,96
300070,2020,annual,cash_flow,F135N,经营性应收项目的减少,-1353000000.0,97
300070,2020,annual,cash_flow,F136N,经营性应付项目的增加,557000000.0,98
