stock_code,year,period,statement_type,field_code,field_name,value,display_order
300055,2022,annual,cash_flow,F123N,净利润,484999999.99999994,85
300055,2022,annual,cash_flow,F126N,无形资产摊销,106000000.0,88
300055,2022,annual,cash_flow,F128N,处置固定资产损失,135000000.0,90
300055,2021,annual,cash_flow,F123N,净利润,748000000.0,85
300055,2021,annual,cash_flow,F126N,无形资产摊销,275000000.0,88
300055,2021,annual,cash_flow,F128N,处置固定资产损失,123000000.0,90
300055,2020,annual,cash_flow,F123N,净利润,433000000.0,85
300055,2020,annual,cash_flow,F126N,无形资产摊销,-376000000.0,88
300055,2020,annual,cash_flow,F127N,长期待摊费用摊销,465000000.00000006,89
