stock_code,year,period,statement_type,field_code,field_name,value,display_order
300027,2022,annual,cash_flow,F123N,净利润,-992000000.0,85
300027,2022,annual,cash_flow,F124N,资产减值准备,468000000.0,86
300027,2022,annual,cash_flow,F125N,固定资产折旧,130000000.0,87
300027,2022,annual,cash_flow,F130N,公允价值变动损失,108000000.0,92
300027,2022,annual,cash_flow,F131N,投资损失,-100000000.0,93
300027,2022,annual,cash_flow,F135N,经营性应收项目的减少,501000000.0,97
300027,2022,annual,cash_flow,F136N,经营性应付项目的增加,-311000000.0,98
300027,2021,annual,cash_flow,F123N,净利润,-225999999.99999997,85
300027,2021,annual,cash_flow,F124N,资产减值准备,461000000.00000006,86
300027,2021,annual,cash_flow,F125N,固定资产折旧,144000000.0,87
300027,2021,annual,cash_flow,F131N,投资损失,-602000000.0,93
300027,2021,annual,cash_flow,F135N,经营性应收项目的减少,-151000000.0,97
300027,2021,annual,cash_flow,F136N,经营性应付项目的增加,327000000.0,98
300027,2020,annual,cash_flow,F123N,净利润,-1075000000.0,85
300027,2020,annual,cash_flow,F124N,资产减值准备,440000000.00000006,86
300027,2020,annual,cash_flow,F131N,投资损失,335000000.0,93
300027,2020,annual,cash_flow,F134N,存货的减少,121000000.0,96
300027,2020,annual,cash_flow,F135N,经营性应收项目的减少,-345000000.0,97
300027,2020,annual,cash_flow,F136N,经营性应付项目的增加,286000000.0,98
