stock_code,year,period,statement_type,field_code,field_name,value,display_order
300119,2022,annual,cash_flow,F123N,净利润,377000000.0,85
300119,2022,annual,cash_flow,F126N,无形资产摊销,374000000.0,88
300119,2021,annual,cash_flow,F123N,净利润,1280000000.0,85
300119,2021,annual,cash_flow,F126N,无形资产摊销,434000000.0,88
300119,2021,annual,cash_flow,F132N,递延所得税资产减少,-113999999.99999999,94
300119,2020,annual,cash_flow,F123N,净利润,264000000.0,85
300119,2020,annual,cash_flow,F126N,无形资产摊销,438999999.99999994,88
300119,2020,annual,cash_flow,F132N,递延所得税资产减少,-117000000.0,94
300119,2020,annual,cash_flow,F137N,其他,-101000000.0,99
