stock_code,year,period,statement_type,field_code,field_name,value,display_order
300124,2022,annual,cash_flow,F123N,净利润,4324000000.0,85
300124,2022,annual,cash_flow,F124N,资产减值准备,350000000.0,86
300124,2022,annual,cash_flow,F125N,固定资产折旧,320000000.0,87
300124,2022,annual,cash_flow,F130N,公允价值变动损失,-368000000.0,92
300124,2022,annual,cash_flow,F131N,投资损失,-591000000.0,93
300124,2022,annual,cash_flow,F133N,递延所得税负债增加,121000000.0,95
300124,2022,annual,cash_flow,F134N,存货的减少,-1342000000.0,96
300124,2022,annual,cash_flow,F135N,经营性应收项目的减少,-3863000000.0000005,97
300124,2022,annual,cash_flow,F136N,经营性应付项目的增加,3581000000.0,98
300124,2021,annual,cash_flow,F123N,净利润,3681000000.0,85
300124,2021,annual,cash_flow,F124N,资产减值准备,160000000.0,86
300124,2021,annual,cash_flow,F125N,固定资产折旧,227999999.99999997,87
300124,2021,annual,cash_flow,F130N,公允价值变动损失,-254999999.99999997,92
300124,2021,annual,cash_flow,F131N,投资损失,-434000000.0,93
300124,2021,annual,cash_flow,F132N,递延所得税资产减少,-153000000.0,94
300124,2021,annual,cash_flow,F134N,存货的减少,-1845000000.0,96
300124,2021,annual,cash_flow,F135N,经营性应收项目的减少,-3013000000.0,97
300124,2021,annual,cash_flow,F136N,经营性应付项目的增加,2929000000.0,98
300124,2020,annual,cash_flow,F123N,净利润,2182000000.0,85
300124,2020,annual,cash_flow,F125N,固定资产折旧,177000000.0,87
300124,2020,annual,cash_flow,F131N,投资损失,-153000000.0,93
300124,2020,annual,cash_flow,F134N,存货的减少,-802999999.9999999,96
300124,2020,annual,cash_flow,F135N,经营性应收项目的减少,-2000000000.0,97
300124,2020,annual,cash_flow,F136N,经营性应付项目的增加,1752000000.0,98
