stock_code,year,period,statement_type,field_code,field_name,value,display_order
300184,2022,annual,cash_flow,F123N,净利润,225000000.0,85
300184,2022,annual,cash_flow,F136N,经营性应付项目的增加,-415000000.00000006,98
300184,2021,annual,cash_flow,F123N,净利润,306000000.0,85
300184,2021,annual,cash_flow,F134N,存货的减少,-411000000.00000006,96
300184,2021,annual,cash_flow,F136N,经营性应付项目的增加,100000000.0,98
300184,2020,annual,cash_flow,F123N,净利润,-1735000000.0000002,85
300184,2020,annual,cash_flow,F124N,资产减值准备,1945000000.0,86
300184,2020,annual,cash_flow,F136N,经营性应付项目的增加,-107000000.0,98
