stock_code,year,period,statement_type,field_code,field_name,value,display_order
300180,2022,annual,cash_flow,F123N,净利润,328000000.0,85
300180,2022,annual,cash_flow,F126N,无形资产摊销,-356000000.0,88
300180,2022,annual,cash_flow,F127N,长期待摊费用摊销,389000000.0,89
300180,2022,annual,cash_flow,F128N,处置固定资产损失,430999999.99999994,90
300180,2022,annual,cash_flow,F136N,经营性应付项目的增加,-4800.0,98
300180,2021,annual,cash_flow,F123N,净利润,476999999.99999994,85
300180,2021,annual,cash_flow,F127N,长期待摊费用摊销,144000000.0,89
300180,2021,annual,cash_flow,F128N,处置固定资产损失,405999999.99999994,90
300180,2021,annual,cash_flow,F131N,投资损失,-200.0,93
300180,2021,annual,cash_flow,F136N,经营性应付项目的增加,4800.0,98
300180,2021,annual,cash_flow,F137N,其他,-415000000.00000006,99
300180,2020,annual,cash_flow,F123N,净利润,346000000.0,85
300180,2020,annual,cash_flow,F126N,无形资产摊销,-484000000.0,88
300180,2020,annual,cash_flow,F127N,长期待摊费用摊销,759000000.0,89
300180,2020,annual,cash_flow,F128N,处置固定资产损失,356000000.0,90
