stock_code,year,period,statement_type,field_code,field_name,value,display_order
300287,2022,annual,cash_flow,F126N,无形资产摊销,-470000000.0,88
300287,2022,annual,cash_flow,F134N,存货的减少,121000000.0,96
300287,2021,annual,cash_flow,F123N,净利润,131000000.0,85
300287,2021,annual,cash_flow,F126N,无形资产摊销,-256999999.99999997,88
300287,2020,annual,cash_flow,F123N,净利润,206999999.99999997,85
300287,2020,annual,cash_flow,F126N,无形资产摊销,-1321000000.0,88
300287,2020,annual,cash_flow,F127N,长期待摊费用摊销,1090000000.0,89
300287,2020,annual,cash_flow,F136N,经营性应付项目的增加,195000000.0,98
300287,2020,annual,cash_flow,F137N,其他,276000000.0,99
