stock_code,year,period,statement_type,field_code,field_name,value,display_order
300236,2022,annual,cash_flow,F123N,净利润,696000000.0,85
300236,2021,annual,cash_flow,F123N,净利润,1064000000.0,85
300236,2021,annual,cash_flow,F132N,递延所得税资产减少,235000000.0,94
300236,2021,annual,cash_flow,F134N,存货的减少,-256000000.0,96
300236,2021,annual,cash_flow,F137N,其他,-134000000.00000001,99
300236,2020,annual,cash_flow,F123N,净利润,231999999.99999997,85
300236,2020,annual,cash_flow,F126N,无形资产摊销,268000000.00000003,88
300236,2020,annual,cash_flow,F132N,递延所得税资产减少,-262000000.0,94
