stock_code,year,period,statement_type,field_code,field_name,value,display_order
300203,2022,annual,cash_flow,F123N,净利润,1228000000.0,85
300203,2022,annual,cash_flow,F126N,无形资产摊销,-443000000.0,88
300203,2022,annual,cash_flow,F127N,长期待摊费用摊销,198000000.0,89
300203,2022,annual,cash_flow,F128N,处置固定资产损失,110000000.00000001,90
300203,2022,annual,cash_flow,F133N,递延所得税负债增加,202000000.0,95
300203,2022,annual,cash_flow,F137N,其他,-125000000.0,99
300203,2021,annual,cash_flow,F123N,净利润,1259000000.0,85
300203,2021,annual,cash_flow,F126N,无形资产摊销,-222000000.00000003,88
300203,2021,annual,cash_flow,F127N,长期待摊费用摊销,195000000.0,89
300203,2021,annual,cash_flow,F133N,递延所得税负债增加,177000000.0,95
300203,2021,annual,cash_flow,F134N,存货的减少,-104000000.0,96
300203,2021,annual,cash_flow,F137N,其他,-262000000.0,99
300203,2020,annual,cash_flow,F123N,净利润,1418000000.0,85
300203,2020,annual,cash_flow,F126N,无形资产摊销,543000000.0,88
300203,2020,annual,cash_flow,F127N,长期待摊费用摊销,103000000.0,89
300203,2020,annual,cash_flow,F133N,递延所得税负债增加,104000000.0,95
300203,2020,annual,cash_flow,F134N,存货的减少,-415000000.00000006,96
300203,2020,annual,cash_flow,F137N,其他,125000000.0,99
