stock_code,year,period,statement_type,field_code,field_name,value,display_order
300370,2022,annual,cash_flow,F123N,净利润,-401999999.99999994,85
300370,2022,annual,cash_flow,F124N,资产减值准备,392000000.0,86
300370,2022,annual,cash_flow,F131N,投资损失,-300000000.0,93
300370,2022,annual,cash_flow,F135N,经营性应收项目的减少,102000000.0,97
300370,2021,annual,cash_flow,F123N,净利润,-886999999.9999999,85
300370,2021,annual,cash_flow,F124N,资产减值准备,415000000.00000006,86
300370,2020,annual,cash_flow,F123N,净利润,-426000000.0,85
300370,2020,annual,cash_flow,F124N,资产减值准备,111000000.00000001,86
