stock_code,year,period,statement_type,field_code,field_name,value,display_order
300346,2022,annual,cash_flow,F123N,净利润,254999999.99999997,85
300346,2022,annual,cash_flow,F125N,固定资产折旧,175000000.0,87
300346,2022,annual,cash_flow,F134N,存货的减少,-231000000.0,96
300346,2021,annual,cash_flow,F123N,净利润,183000000.0,85
300346,2021,annual,cash_flow,F125N,固定资产折旧,118000000.0,87
300346,2021,annual,cash_flow,F134N,存货的减少,-125000000.0,96
300346,2021,annual,cash_flow,F135N,经营性应收项目的减少,-112000000.00000001,97
300346,2021,annual,cash_flow,F136N,经营性应付项目的增加,166000000.0,98
300346,2020,annual,cash_flow,F123N,净利润,109000000.00000001,85
300346,2020,annual,cash_flow,F135N,经营性应收项目的减少,-119000000.0,97
300346,2020,annual,cash_flow,F136N,经营性应付项目的增加,140000000.0,98
