stock_code,year,period,statement_type,field_code,field_name,value,display_order
300456,2022,annual,cash_flow,F123N,净利润,-149000000.0,85
300456,2022,annual,cash_flow,F125N,固定资产折旧,154000000.0,87
300456,2022,annual,cash_flow,F129N,固定资产报废损失,2200.0,91
300456,2022,annual,cash_flow,F134N,存货的减少,-120000000.0,96
300456,2022,annual,cash_flow,F135N,经营性应收项目的减少,-199000000.0,97
300456,2021,annual,cash_flow,F123N,净利润,187000000.0,85
300456,2021,annual,cash_flow,F125N,固定资产折旧,155000000.0,87
300456,2021,annual,cash_flow,F131N,投资损失,-110000000.00000001,93
300456,2021,annual,cash_flow,F134N,存货的减少,-112999999.99999999,96
300456,2021,annual,cash_flow,F135N,经营性应收项目的减少,183000000.0,97
300456,2021,annual,cash_flow,F136N,经营性应付项目的增加,-141000000.0,98
300456,2020,annual,cash_flow,F123N,净利润,187000000.0,85
