stock_code,year,period,statement_type,field_code,field_name,value,display_order
300457,2022,annual,cash_flow,F123N,净利润,511000000.00000006,85
300457,2022,annual,cash_flow,F124N,资产减值准备,403000000.0,86
300457,2022,annual,cash_flow,F125N,固定资产折旧,154000000.0,87
300457,2022,annual,cash_flow,F134N,存货的减少,-628000000.0,96
300457,2022,annual,cash_flow,F135N,经营性应收项目的减少,-3429999999.9999995,97
300457,2022,annual,cash_flow,F136N,经营性应付项目的增加,3383000000.0,98
300457,2021,annual,cash_flow,F123N,净利润,296000000.0,85
300457,2021,annual,cash_flow,F124N,资产减值准备,241000000.0,86
300457,2021,annual,cash_flow,F134N,存货的减少,-1689000000.0,96
300457,2021,annual,cash_flow,F135N,经营性应收项目的减少,-3107000000.0,97
300457,2021,annual,cash_flow,F136N,经营性应付项目的增加,4645000000.0,98
300457,2020,annual,cash_flow,F123N,净利润,193000000.0,85
300457,2020,annual,cash_flow,F124N,资产减值准备,174000000.0,86
300457,2020,annual,cash_flow,F134N,存货的减少,-199000000.0,96
300457,2020,annual,cash_flow,F135N,经营性应收项目的减少,-451000000.0,97
300457,2020,annual,cash_flow,F136N,经营性应付项目的增加,430999999.99999994,98
