stock_code,year,period,statement_type,field_code,field_name,value,display_order
300459,2022,annual,cash_flow,F123N,净利润,438999999.99999994,85
300459,2022,annual,cash_flow,F126N,无形资产摊销,107000000.0,88
300459,2021,annual,cash_flow,F123N,净利润,708000000.0,85
300459,2021,annual,cash_flow,F126N,无形资产摊销,112999999.99999999,88
300459,2020,annual,cash_flow,F123N,净利润,752000000.0,85
300459,2020,annual,cash_flow,F126N,无形资产摊销,113999999.99999999,88
300459,2020,annual,cash_flow,F135N,经营性应收项目的减少,154000000.0,97
