stock_code,year,period,statement_type,field_code,field_name,value,display_order
300433,2022,annual,cash_flow,F123N,净利润,2520000000.0,85
300433,2022,annual,cash_flow,F124N,资产减值准备,533000000.0,86
300433,2022,annual,cash_flow,F125N,固定资产折旧,4299000000.0,87
300433,2022,annual,cash_flow,F126N,无形资产摊销,270000000.0,88
300433,2022,annual,cash_flow,F127N,长期待摊费用摊销,115999999.99999999,89
300433,2022,annual,cash_flow,F130N,公允价值变动损失,-141000000.0,92
300433,2022,annual,cash_flow,F134N,存货的减少,-852000000.0,96
300433,2022,annual,cash_flow,F135N,经营性应收项目的减少,1545000000.0,97
300433,2022,annual,cash_flow,F136N,经营性应付项目的增加,-277000000.0,98
300433,2021,annual,cash_flow,F123N,净利润,2120000000.0,85
300433,2021,annual,cash_flow,F124N,资产减值准备,634000000.0,86
300433,2021,annual,cash_flow,F125N,固定资产折旧,3953000000.0,87
300433,2021,annual,cash_flow,F126N,无形资产摊销,268000000.00000003,88
300433,2021,annual,cash_flow,F131N,投资损失,-312000000.0,93
300433,2021,annual,cash_flow,F132N,递延所得税资产减少,-280000000.0,94
300433,2021,annual,cash_flow,F133N,递延所得税负债增加,-129000000.0,95
300433,2021,annual,cash_flow,F134N,存货的减少,-143000000.0,96
300433,2021,annual,cash_flow,F135N,经营性应收项目的减少,-2043000000.0,97
300433,2021,annual,cash_flow,F136N,经营性应付项目的增加,1216000000.0,98
300433,2020,annual,cash_flow,F123N,净利润,4955000000.0,85
300433,2020,annual,cash_flow,F124N,资产减值准备,429000000.0,86
300433,2020,annual,cash_flow,F125N,固定资产折旧,2927000000.0,87
300433,2020,annual,cash_flow,F134N,存货的减少,-1953000000.0,96
300433,2020,annual,cash_flow,F135N,经营性应收项目的减少,-771000000.0,97
300433,2020,annual,cash_flow,F136N,经营性应付项目的增加,877000000.0,98
