stock_code,year,period,statement_type,field_code,field_name,value,display_order
300693,2022,annual,cash_flow,F123N,净利润,224000000.00000003,85
300693,2022,annual,cash_flow,F134N,存货的减少,-221000000.0,96
300693,2022,annual,cash_flow,F135N,经营性应收项目的减少,-274000000.0,97
300693,2022,annual,cash_flow,F136N,经营性应付项目的增加,411000000.00000006,98
300693,2021,annual,cash_flow,F123N,净利润,112999999.99999999,85
300693,2021,annual,cash_flow,F134N,存货的减少,-139000000.0,96
300693,2021,annual,cash_flow,F136N,经营性应付项目的增加,157000000.0,98
300693,2020,annual,cash_flow,F123N,净利润,106000000.0,85
300693,2020,annual,cash_flow,F136N,经营性应付项目的增加,106000000.0,98
