stock_code,year,period,statement_type,field_code,field_name,value,display_order
300661,2022,annual,cash_flow,F123N,净利润,858000000.0,85
300661,2022,annual,cash_flow,F124N,资产减值准备,175000000.0,86
300661,2022,annual,cash_flow,F128N,处置固定资产损失,3500.0,90
300661,2022,annual,cash_flow,F134N,存货的减少,-476999999.99999994,96
300661,2022,annual,cash_flow,F136N,经营性应付项目的增加,289000000.0,98
300661,2021,annual,cash_flow,F123N,净利润,689000000.0,85
300661,2021,annual,cash_flow,F131N,投资损失,-110000000.00000001,93
300661,2021,annual,cash_flow,F134N,存货的减少,-186000000.0,96
300661,2021,annual,cash_flow,F136N,经营性应付项目的增加,287000000.0,98
300661,2020,annual,cash_flow,F123N,净利润,284000000.0,85
300661,2020,annual,cash_flow,F134N,存货的减少,-106000000.0,96
300661,2020,annual,cash_flow,F136N,经营性应付项目的增加,127000000.0,98
