stock_code,year,period,statement_type,field_code,field_name,value,display_order
300750,2022,annual,cash_flow,F123N,净利润,33457000000.0,85
300750,2022,annual,cash_flow,F124N,资产减值准备,2827000000.0,86
300750,2022,annual,cash_flow,F125N,固定资产折旧,12122000000.0,87
300750,2022,annual,cash_flow,F126N,无形资产摊销,236000000.0,88
300750,2022,annual,cash_flow,F127N,长期待摊费用摊销,894000000.0,89
300750,2022,annual,cash_flow,F130N,公允价值变动损失,-400000000.0,92
300750,2022,annual,cash_flow,F131N,投资损失,-3045000000.0,93
300750,2022,annual,cash_flow,F132N,递延所得税资产减少,-4451000000.0,94
300750,2022,annual,cash_flow,F134N,存货的减少,-39878000000.0,96
300750,2022,annual,cash_flow,F135N,经营性应收项目的减少,-58697000000.0,97
300750,2022,annual,cash_flow,F136N,经营性应付项目的增加,115418000000.0,98
300750,2021,annual,cash_flow,F123N,净利润,17861000000.0,85
300750,2021,annual,cash_flow,F124N,资产减值准备,2034000000.0,86
300750,2021,annual,cash_flow,F125N,固定资产折旧,5937000000.0,87
300750,2021,annual,cash_flow,F126N,无形资产摊销,159000000.0,88
300750,2021,annual,cash_flow,F127N,长期待摊费用摊销,340000000.0,89
300750,2021,annual,cash_flow,F131N,投资损失,-1561000000.0,93
300750,2021,annual,cash_flow,F132N,递延所得税资产减少,-1232000000.0,94
300750,2021,annual,cash_flow,F133N,递延所得税负债增加,215000000.0,95
300750,2021,annual,cash_flow,F134N,存货的减少,-28857000000.0,96
300750,2021,annual,cash_flow,F135N,经营性应收项目的减少,-27816000000.000004,97
300750,2021,annual,cash_flow,F136N,经营性应付项目的增加,73856000000.0,98
300750,2020,annual,cash_flow,F123N,净利润,6104000000.0,85
300750,2020,annual,cash_flow,F124N,资产减值准备,1169000000.0,86
300750,2020,annual,cash_flow,F125N,固定资产折旧,4577000000.0,87
300750,2020,annual,cash_flow,F126N,无形资产摊销,135000000.0,88
300750,2020,annual,cash_flow,F127N,长期待摊费用摊销,156000000.0,89
300750,2020,annual,cash_flow,F130N,公允价值变动损失,-287000000.0,92
300750,2020,annual,cash_flow,F132N,递延所得税资产减少,-773000000.0,94
300750,2020,annual,cash_flow,F134N,存货的减少,-2402000000.0,96
300750,2020,annual,cash_flow,F135N,经营性应收项目的减少,-3415999999.9999995,97
300750,2020,annual,cash_flow,F136N,经营性应付项目的增加,11748000000.0,98
