stock_code,year,period,statement_type,field_code,field_name,value,display_order
300760,2022,annual,cash_flow,F123N,净利润,9611000000.0,85
300760,2022,annual,cash_flow,F124N,资产减值准备,108000000.0,86
300760,2022,annual,cash_flow,F125N,固定资产折旧,537000000.0,87
300760,2022,annual,cash_flow,F126N,无形资产摊销,348000000.0,88
300760,2022,annual,cash_flow,F132N,递延所得税资产减少,-158000000.0,94
300760,2022,annual,cash_flow,F134N,存货的减少,-523000000.00000006,96
300760,2022,annual,cash_flow,F135N,经营性应收项目的减少,-1047000000.0000001,97
300760,2022,annual,cash_flow,F136N,经营性应付项目的增加,3094000000.0,98
300760,2021,annual,cash_flow,F123N,净利润,8004000000.000001,85
300760,2021,annual,cash_flow,F124N,资产减值准备,126000000.0,86
300760,2021,annual,cash_flow,F125N,固定资产折旧,448000000.00000006,87
300760,2021,annual,cash_flow,F126N,无形资产摊销,252999999.99999997,88
300760,2021,annual,cash_flow,F133N,递延所得税负债增加,153000000.0,95
300760,2021,annual,cash_flow,F134N,存货的减少,-134000000.00000001,96
300760,2021,annual,cash_flow,F135N,经营性应收项目的减少,-153000000.0,97
300760,2021,annual,cash_flow,F136N,经营性应付项目的增加,615000000.0,98
300760,2020,annual,cash_flow,F123N,净利润,6659999999.999999,85
300760,2020,annual,cash_flow,F124N,资产减值准备,140000000.0,86
300760,2020,annual,cash_flow,F125N,固定资产折旧,299000000.0,87
300760,2020,annual,cash_flow,F126N,无形资产摊销,173000000.0,88
300760,2020,annual,cash_flow,F134N,存货的减少,-1448000000.0,96
300760,2020,annual,cash_flow,F136N,经营性应付项目的增加,2827000000.0,98
