stock_code,year,period,statement_type,field_code,field_name,value,display_order
300705,2022,annual,cash_flow,F123N,净利润,270000000.0,85
300705,2022,annual,cash_flow,F134N,存货的减少,-224000000.00000003,96
300705,2022,annual,cash_flow,F135N,经营性应收项目的减少,139000000.0,97
300705,2022,annual,cash_flow,F137N,其他,269000000.0,99
300705,2021,annual,cash_flow,F123N,净利润,204000000.0,85
300705,2021,annual,cash_flow,F134N,存货的减少,-115999999.99999999,96
300705,2021,annual,cash_flow,F135N,经营性应收项目的减少,101000000.0,97
300705,2021,annual,cash_flow,F137N,其他,191000000.0,99
300705,2020,annual,cash_flow,F137N,其他,150000000.0,99
