stock_code,year,period,statement_type,field_code,field_name,value,display_order
300790,2022,annual,cash_flow,F124N,资产减值准备,151000000.0,86
300790,2022,annual,cash_flow,F126N,无形资产摊销,155000000.0,88
300790,2022,annual,cash_flow,F132N,递延所得税资产减少,-3600.0,94
300790,2022,annual,cash_flow,F136N,经营性应付项目的增加,123000000.0,98
300790,2022,annual,cash_flow,F137N,其他,-145000000.0,99
300790,2021,annual,cash_flow,F124N,资产减值准备,243000000.00000003,86
300790,2021,annual,cash_flow,F126N,无形资产摊销,110000000.00000001,88
300790,2021,annual,cash_flow,F135N,经营性应收项目的减少,-305000000.0,97
300790,2021,annual,cash_flow,F136N,经营性应付项目的增加,-428000000.0,98
300790,2021,annual,cash_flow,F137N,其他,603000000.0,99
300790,2020,annual,cash_flow,F124N,资产减值准备,127000000.0,86
300790,2020,annual,cash_flow,F135N,经营性应收项目的减少,-115999999.99999999,97
300790,2020,annual,cash_flow,F136N,经营性应付项目的增加,-297000000.0,98
300790,2020,annual,cash_flow,F137N,其他,166000000.0,99
