stock_code,year,period,statement_type,field_code,field_name,value,display_order
300887,2022,annual,cash_flow,F125N,固定资产折旧,326000000.0,87
300887,2022,annual,cash_flow,F126N,无形资产摊销,103000000.0,88
300887,2022,annual,cash_flow,F127N,长期待摊费用摊销,219000000.0,89
300887,2022,annual,cash_flow,F137N,其他,-373000000.0,99
300887,2021,annual,cash_flow,F125N,固定资产折旧,220000000.00000003,87
300887,2021,annual,cash_flow,F127N,长期待摊费用摊销,171000000.0,89
300887,2021,annual,cash_flow,F137N,其他,-534999999.99999994,99
300887,2020,annual,cash_flow,F125N,固定资产折旧,164000000.0,87
300887,2020,annual,cash_flow,F127N,长期待摊费用摊销,107000000.0,89
300887,2020,annual,cash_flow,F137N,其他,-141000000.0,99
