stock_code,year,period,statement_type,field_code,field_name,value,display_order
300986,2022,annual,cash_flow,F123N,净利润,148000000.0,85
300986,2022,annual,cash_flow,F126N,无形资产摊销,183000000.0,88
300986,2022,annual,cash_flow,F128N,处置固定资产损失,792000000.0,90
300986,2021,annual,cash_flow,F123N,净利润,115999999.99999999,85
300986,2021,annual,cash_flow,F126N,无形资产摊销,175000000.0,88
300986,2021,annual,cash_flow,F128N,处置固定资产损失,775000000.0,90
300986,2020,annual,cash_flow,F123N,净利润,100000000.0,85
300986,2020,annual,cash_flow,F126N,无形资产摊销,179000000.0,88
300986,2020,annual,cash_flow,F128N,处置固定资产损失,448000000.00000006,90
