stock_code,year,period,statement_type,field_code,field_name,value,display_order
300919,2022,annual,cash_flow,F123N,净利润,1534000000.0,85
300919,2022,annual,cash_flow,F124N,资产减值准备,128000000.0,86
300919,2022,annual,cash_flow,F125N,固定资产折旧,501000000.0,87
300919,2022,annual,cash_flow,F132N,递延所得税资产减少,-133000000.0,94
300919,2022,annual,cash_flow,F134N,存货的减少,-4878000000.0,96
300919,2022,annual,cash_flow,F135N,经营性应收项目的减少,-3745000000.0000005,97
300919,2022,annual,cash_flow,F136N,经营性应付项目的增加,880000000.0000001,98
300919,2021,annual,cash_flow,F123N,净利润,938000000.0000001,85
300919,2021,annual,cash_flow,F125N,固定资产折旧,258000000.0,87
300919,2021,annual,cash_flow,F133N,递延所得税负债增加,102000000.0,95
300919,2021,annual,cash_flow,F134N,存货的减少,-3397000000.0,96
300919,2021,annual,cash_flow,F135N,经营性应收项目的减少,-6751000000.000001,97
300919,2021,annual,cash_flow,F136N,经营性应付项目的增加,6991000000.0,98
300919,2020,annual,cash_flow,F123N,净利润,420000000.0,85
300919,2020,annual,cash_flow,F125N,固定资产折旧,144000000.0,87
300919,2020,annual,cash_flow,F134N,存货的减少,-430999999.99999994,96
300919,2020,annual,cash_flow,F135N,经营性应收项目的减少,-1372000000.0,97
300919,2020,annual,cash_flow,F136N,经营性应付项目的增加,1540000000.0,98
