stock_code,year,period,statement_type,field_code,field_name,value,display_order
301015,2022,annual,cash_flow,F123N,净利润,793000000.0,85
301015,2022,annual,cash_flow,F126N,无形资产摊销,490000000.00000006,88
301015,2021,annual,cash_flow,F123N,净利润,1143000000.0,85
301015,2021,annual,cash_flow,F126N,无形资产摊销,415000000.00000006,88
301015,2021,annual,cash_flow,F131N,投资损失,7100.0,93
301015,2020,annual,cash_flow,F123N,净利润,947000000.0000001,85
301015,2020,annual,cash_flow,F126N,无形资产摊销,277000000.0,88
301015,2020,annual,cash_flow,F137N,其他,-128000000.0,99
