stock_code,year,period,statement_type,field_code,field_name,value,display_order
301127,2022,annual,cash_flow,F123N,净利润,1065000000.0,85
301127,2022,annual,cash_flow,F126N,无形资产摊销,202999999.99999997,88
301127,2022,annual,cash_flow,F137N,其他,-254999999.99999997,99
301127,2021,annual,cash_flow,F123N,净利润,1162000000.0,85
301127,2021,annual,cash_flow,F126N,无形资产摊销,160000000.0,88
301127,2021,annual,cash_flow,F137N,其他,-373000000.0,99
301127,2020,annual,cash_flow,F123N,净利润,258000000.0,85
301127,2020,annual,cash_flow,F126N,无形资产摊销,145000000.0,88
