stock_code,year,period,statement_type,field_code,field_name,value,display_order
600057,2022,annual,cash_flow,F123N,净利润,10635000000.0,85
600057,2022,annual,cash_flow,F124N,资产减值准备,15647999999.999998,86
600057,2022,annual,cash_flow,F127N,长期待摊费用摊销,3778000000.0,89
600057,2022,annual,cash_flow,F128N,处置固定资产损失,677000000.0,90
600057,2022,annual,cash_flow,F129N,固定资产报废损失,757000000.0,91
600057,2022,annual,cash_flow,F133N,递延所得税负债增加,459000000.0,95
600057,2022,annual,cash_flow,F134N,存货的减少,2020000000.0,96
600057,2022,annual,cash_flow,F135N,经营性应收项目的减少,188000000.0,97
600057,2022,annual,cash_flow,F136N,经营性应付项目的增加,-237000000.0,98
600057,2021,annual,cash_flow,F123N,净利润,10950000000.0,85
600057,2021,annual,cash_flow,F124N,资产减值准备,10635000000.0,86
600057,2021,annual,cash_flow,F127N,长期待摊费用摊销,2754000000.0,89
600057,2021,annual,cash_flow,F128N,处置固定资产损失,525000000.0,90
600057,2021,annual,cash_flow,F129N,固定资产报废损失,729000000.0,91
600057,2021,annual,cash_flow,F134N,存货的减少,1303000000.0,96
600057,2021,annual,cash_flow,F135N,经营性应收项目的减少,629000000.0,97
600057,2021,annual,cash_flow,F136N,经营性应付项目的增加,181000000.0,98
600057,2020,annual,cash_flow,F123N,净利润,6087000000.0,85
600057,2020,annual,cash_flow,F124N,资产减值准备,10950000000.0,86
600057,2020,annual,cash_flow,F127N,长期待摊费用摊销,1627000000.0,89
600057,2020,annual,cash_flow,F128N,处置固定资产损失,393000000.0,90
600057,2020,annual,cash_flow,F129N,固定资产报废损失,618000000.0,91
600057,2020,annual,cash_flow,F133N,递延所得税负债增加,-113999999.99999999,95
600057,2020,annual,cash_flow,F134N,存货的减少,1489000000.0,96
600057,2020,annual,cash_flow,F135N,经营性应收项目的减少,347000000.0,97
600057,2020,annual,cash_flow,F136N,经营性应付项目的增加,-287000000.0,98
600057,2020,annual,cash_flow,F137N,其他,100000000.0,99
