stock_code,year,period,statement_type,field_code,field_name,value,display_order
600000,2022,annual,cash_flow,F124N,资产减值准备,51997000000.0,86
600000,2022,annual,cash_flow,F126N,无形资产摊销,7828000000.0,88
600000,2022,annual,cash_flow,F130N,公允价值变动损失,3854000000.0,92
600000,2022,annual,cash_flow,F131N,投资损失,-7715000000.000001,93
600000,2022,annual,cash_flow,F133N,递延所得税负债增加,-236489000000.0,95
600000,2022,annual,cash_flow,F134N,存货的减少,508518000000.0,96
600000,2022,annual,cash_flow,F136N,经营性应付项目的增加,365099000000.0,98
600000,2021,annual,cash_flow,F124N,资产减值准备,53766000000.0,86
600000,2021,annual,cash_flow,F126N,无形资产摊销,7261000000.0,88
600000,2021,annual,cash_flow,F130N,公允价值变动损失,-4504000000.0,92
600000,2021,annual,cash_flow,F131N,投资损失,-6338000000.0,93
600000,2021,annual,cash_flow,F133N,递延所得税负债增加,-362193000000.0,95
600000,2021,annual,cash_flow,F134N,存货的减少,11692000000.0,96
600000,2021,annual,cash_flow,F136N,经营性应付项目的增加,-257192000000.0,98
600000,2020,annual,cash_flow,F124N,资产减值准备,58992999999.99999,86
600000,2020,annual,cash_flow,F126N,无形资产摊销,4022999999.9999995,88
600000,2020,annual,cash_flow,F130N,公允价值变动损失,-2220000000.0,92
600000,2020,annual,cash_flow,F131N,投资损失,-5543000000.0,93
600000,2020,annual,cash_flow,F133N,递延所得税负债增加,-663885000000.0,95
600000,2020,annual,cash_flow,F134N,存货的减少,699738000000.0,96
600000,2020,annual,cash_flow,F136N,经营性应付项目的增加,126384999999.99998,98
