stock_code,year,period,statement_type,field_code,field_name,value,display_order
600081,2022,annual,cash_flow,F123N,净利润,289000000.0,85
600081,2022,annual,cash_flow,F125N,固定资产折旧,239000000.0,87
600081,2022,annual,cash_flow,F131N,投资损失,-122000000.0,93
600081,2022,annual,cash_flow,F135N,经营性应收项目的减少,993000000.0,97
600081,2022,annual,cash_flow,F136N,经营性应付项目的增加,-900000000.0,98
600081,2021,annual,cash_flow,F123N,净利润,434999999.99999994,85
600081,2021,annual,cash_flow,F125N,固定资产折旧,217000000.0,87
600081,2021,annual,cash_flow,F129N,固定资产报废损失,9400.0,91
600081,2021,annual,cash_flow,F131N,投资损失,-159000000.0,93
600081,2021,annual,cash_flow,F134N,存货的减少,-109000000.00000001,96
600081,2021,annual,cash_flow,F135N,经营性应收项目的减少,453000000.0,97
600081,2021,annual,cash_flow,F136N,经营性应付项目的增加,-513999999.99999994,98
600081,2020,annual,cash_flow,F123N,净利润,279000000.0,85
600081,2020,annual,cash_flow,F125N,固定资产折旧,215000000.0,87
600081,2020,annual,cash_flow,F135N,经营性应收项目的减少,-722000000.0,97
600081,2020,annual,cash_flow,F136N,经营性应付项目的增加,589000000.0,98
