stock_code,year,period,statement_type,field_code,field_name,value,display_order
600063,2022,annual,cash_flow,F123N,净利润,1361000000.0,85
600063,2022,annual,cash_flow,F125N,固定资产折旧,405000000.0,87
600063,2022,annual,cash_flow,F135N,经营性应收项目的减少,589000000.0,97
600063,2022,annual,cash_flow,F136N,经营性应付项目的增加,-227999999.99999997,98
600063,2021,annual,cash_flow,F123N,净利润,994999999.9999999,85
600063,2021,annual,cash_flow,F125N,固定资产折旧,447000000.0,87
600063,2021,annual,cash_flow,F134N,存货的减少,-442000000.0,96
600063,2021,annual,cash_flow,F135N,经营性应收项目的减少,-488000000.0,97
600063,2021,annual,cash_flow,F136N,经营性应付项目的增加,783000000.0,98
600063,2020,annual,cash_flow,F123N,净利润,611000000.0,85
600063,2020,annual,cash_flow,F125N,固定资产折旧,407000000.0,87
