stock_code,year,period,statement_type,field_code,field_name,value,display_order
600094,2022,annual,cash_flow,F123N,净利润,192000000.0,85
600094,2022,annual,cash_flow,F125N,固定资产折旧,131000000.0,87
600094,2022,annual,cash_flow,F134N,存货的减少,1691000000.0,96
600094,2022,annual,cash_flow,F135N,经营性应收项目的减少,-259000000.0,97
600094,2022,annual,cash_flow,F136N,经营性应付项目的增加,-1190000000.0,98
600094,2021,annual,cash_flow,F123N,净利润,-329000000.0,85
600094,2021,annual,cash_flow,F124N,资产减值准备,771000000.0,86
600094,2021,annual,cash_flow,F125N,固定资产折旧,129000000.0,87
600094,2021,annual,cash_flow,F131N,投资损失,-258000000.0,93
600094,2021,annual,cash_flow,F132N,递延所得税资产减少,-234000000.0,94
600094,2021,annual,cash_flow,F134N,存货的减少,1018000000.0,96
600094,2021,annual,cash_flow,F135N,经营性应收项目的减少,-1807999999.9999998,97
600094,2021,annual,cash_flow,F136N,经营性应付项目的增加,6942000000.0,98
600094,2020,annual,cash_flow,F123N,净利润,523000000.00000006,85
600094,2020,annual,cash_flow,F132N,递延所得税资产减少,111000000.00000001,94
600094,2020,annual,cash_flow,F134N,存货的减少,1546000000.0,96
600094,2020,annual,cash_flow,F135N,经营性应收项目的减少,445000000.0,97
600094,2020,annual,cash_flow,F136N,经营性应付项目的增加,-5716000000.0,98
