stock_code,year,period,statement_type,field_code,field_name,value,display_order
600032,2022,annual,cash_flow,F123N,净利润,3807000000.0,85
600032,2022,annual,cash_flow,F124N,资产减值准备,2398000000.0,86
600032,2022,annual,cash_flow,F127N,长期待摊费用摊销,1150000000.0,89
600032,2022,annual,cash_flow,F129N,固定资产报废损失,1636000000.0,91
600032,2022,annual,cash_flow,F134N,存货的减少,1188000000.0,96
600032,2022,annual,cash_flow,F135N,经营性应收项目的减少,-436000000.00000006,97
600032,2021,annual,cash_flow,F123N,净利润,1002999999.9999999,85
600032,2021,annual,cash_flow,F124N,资产减值准备,3807000000.0,86
600032,2021,annual,cash_flow,F127N,长期待摊费用摊销,1015000000.0,89
600032,2021,annual,cash_flow,F129N,固定资产报废损失,975000000.0,91
600032,2021,annual,cash_flow,F131N,投资损失,1500.0,93
600032,2021,annual,cash_flow,F134N,存货的减少,713000000.0,96
600032,2021,annual,cash_flow,F135N,经营性应收项目的减少,-204000000.0,97
600032,2020,annual,cash_flow,F123N,净利润,1215000000.0,85
600032,2020,annual,cash_flow,F124N,资产减值准备,1002999999.9999999,86
600032,2020,annual,cash_flow,F127N,长期待摊费用摊销,525000000.0,89
600032,2020,annual,cash_flow,F129N,固定资产报废损失,810000000.0,91
600032,2020,annual,cash_flow,F134N,存货的减少,582000000.0,96
600032,2020,annual,cash_flow,F135N,经营性应收项目的减少,-184000000.0,97
