stock_code,year,period,statement_type,field_code,field_name,value,display_order
600004,2022,annual,cash_flow,F123N,净利润,1561000000.0,85
600004,2022,annual,cash_flow,F124N,资产减值准备,2219000000.0,86
600004,2022,annual,cash_flow,F127N,长期待摊费用摊销,-1092000000.0,89
600004,2022,annual,cash_flow,F129N,固定资产报废损失,1814999999.9999998,91
600004,2022,annual,cash_flow,F134N,存货的减少,138000000.0,96
600004,2022,annual,cash_flow,F135N,经营性应收项目的减少,-104000000.0,97
600004,2022,annual,cash_flow,F136N,经营性应付项目的增加,-380000000.0,98
600004,2021,annual,cash_flow,F123N,净利润,2313000000.0,85
600004,2021,annual,cash_flow,F124N,资产减值准备,1561000000.0,86
600004,2021,annual,cash_flow,F127N,长期待摊费用摊销,-385000000.0,89
600004,2021,annual,cash_flow,F129N,固定资产报废损失,1880999999.9999998,91
600004,2021,annual,cash_flow,F134N,存货的减少,124000000.0,96
600004,2021,annual,cash_flow,F135N,经营性应收项目的减少,-117000000.0,97
600004,2021,annual,cash_flow,F136N,经营性应付项目的增加,-200999999.99999997,98
600004,2020,annual,cash_flow,F123N,净利润,1228000000.0,85
600004,2020,annual,cash_flow,F124N,资产减值准备,2313000000.0,86
600004,2020,annual,cash_flow,F127N,长期待摊费用摊销,-231999999.99999997,89
600004,2020,annual,cash_flow,F129N,固定资产报废损失,1591000000.0,91
600004,2020,annual,cash_flow,F135N,经营性应收项目的减少,-225999999.99999997,97
