stock_code,year,period,statement_type,field_code,field_name,value,display_order
600170,2022,annual,cash_flow,F123N,净利润,77095000000.0,85
600170,2022,annual,cash_flow,F124N,资产减值准备,80885000000.0,86
600170,2022,annual,cash_flow,F127N,长期待摊费用摊销,1680000000.0,89
600170,2022,annual,cash_flow,F128N,处置固定资产损失,838000000.0000001,90
600170,2022,annual,cash_flow,F129N,固定资产报废损失,3059000000.0,91
600170,2022,annual,cash_flow,F130N,公允价值变动损失,194000000.0,92
600170,2022,annual,cash_flow,F133N,递延所得税负债增加,877000000.0,95
600170,2022,annual,cash_flow,F134N,存货的减少,2620000000.0,96
600170,2022,annual,cash_flow,F135N,经营性应收项目的减少,-1030000000.0000001,97
600170,2022,annual,cash_flow,F136N,经营性应付项目的增加,-387000000.0,98
600170,2022,annual,cash_flow,F137N,其他,-177000000.0,99
600170,2021,annual,cash_flow,F123N,净利润,71517000000.0,85
600170,2021,annual,cash_flow,F124N,资产减值准备,77095000000.0,86
600170,2021,annual,cash_flow,F127N,长期待摊费用摊销,4047999999.9999995,89
600170,2021,annual,cash_flow,F128N,处置固定资产损失,1069999999.9999999,90
600170,2021,annual,cash_flow,F129N,固定资产报废损失,2892000000.0,91
600170,2021,annual,cash_flow,F130N,公允价值变动损失,266000000.0,92
600170,2021,annual,cash_flow,F133N,递延所得税负债增加,-388000000.0,95
600170,2021,annual,cash_flow,F134N,存货的减少,2295000000.0,96
600170,2021,annual,cash_flow,F135N,经营性应收项目的减少,-1668000000.0,97
600170,2021,annual,cash_flow,F137N,其他,-258000000.0,99
600170,2020,annual,cash_flow,F123N,净利润,65142999999.99999,85
600170,2020,annual,cash_flow,F124N,资产减值准备,71517000000.0,86
600170,2020,annual,cash_flow,F127N,长期待摊费用摊销,3222000000.0,89
600170,2020,annual,cash_flow,F128N,处置固定资产损失,540000000.0,90
600170,2020,annual,cash_flow,F129N,固定资产报废损失,2227000000.0,91
600170,2020,annual,cash_flow,F130N,公允价值变动损失,122000000.0,92
600170,2020,annual,cash_flow,F133N,递延所得税负债增加,-390000000.0,95
600170,2020,annual,cash_flow,F134N,存货的减少,1628000000.0,96
600170,2020,annual,cash_flow,F135N,经营性应收项目的减少,-359000000.0,97
600170,2020,annual,cash_flow,F136N,经营性应付项目的增加,-161000000.0,98
