stock_code,year,period,statement_type,field_code,field_name,value,display_order
600197,2022,annual,cash_flow,F123N,净利润,169000000.0,85
600197,2022,annual,cash_flow,F125N,固定资产折旧,102000000.0,87
600197,2022,annual,cash_flow,F134N,存货的减少,-343000000.0,96
600197,2022,annual,cash_flow,F136N,经营性应付项目的增加,-167000000.0,98
600197,2021,annual,cash_flow,F123N,净利润,321000000.0,85
600197,2021,annual,cash_flow,F134N,存货的减少,-494000000.00000006,96
600197,2021,annual,cash_flow,F136N,经营性应付项目的增加,229000000.0,98
600197,2020,annual,cash_flow,F123N,净利润,341000000.0,85
600197,2020,annual,cash_flow,F124N,资产减值准备,4500.0,86
600197,2020,annual,cash_flow,F134N,存货的减少,-120000000.0,96
600197,2020,annual,cash_flow,F135N,经营性应收项目的减少,152000000.0,97
600197,2020,annual,cash_flow,F136N,经营性应付项目的增加,-111000000.00000001,98
