stock_code,year,period,statement_type,field_code,field_name,value,display_order
600185,2022,annual,cash_flow,F123N,净利润,-2064000000.0,85
600185,2022,annual,cash_flow,F124N,资产减值准备,1142000000.0,86
600185,2022,annual,cash_flow,F130N,公允价值变动损失,548000000.0,92
600185,2022,annual,cash_flow,F131N,投资损失,-191000000.0,93
600185,2022,annual,cash_flow,F132N,递延所得税资产减少,252999999.99999997,94
600185,2022,annual,cash_flow,F133N,递延所得税负债增加,-128000000.0,95
600185,2022,annual,cash_flow,F134N,存货的减少,1081000000.0,96
600185,2022,annual,cash_flow,F136N,经营性应付项目的增加,373000000.0,98
600185,2021,annual,cash_flow,F123N,净利润,436000000.00000006,85
600185,2021,annual,cash_flow,F124N,资产减值准备,132000000.0,86
600185,2021,annual,cash_flow,F131N,投资损失,-165000000.0,93
600185,2021,annual,cash_flow,F134N,存货的减少,2654000000.0,96
600185,2021,annual,cash_flow,F135N,经营性应收项目的减少,-5579000000.0,97
600185,2021,annual,cash_flow,F136N,经营性应付项目的增加,5509000000.0,98
600185,2020,annual,cash_flow,F123N,净利润,395000000.0,85
600185,2020,annual,cash_flow,F124N,资产减值准备,163000000.0,86
600185,2020,annual,cash_flow,F131N,投资损失,-113999999.99999999,93
600185,2020,annual,cash_flow,F132N,递延所得税资产减少,-183000000.0,94
600185,2020,annual,cash_flow,F134N,存货的减少,-934000000.0,96
600185,2020,annual,cash_flow,F135N,经营性应收项目的减少,296000000.0,97
600185,2020,annual,cash_flow,F136N,经营性应付项目的增加,1644000000.0000002,98
