stock_code,year,period,statement_type,field_code,field_name,value,display_order
600189,2022,annual,cash_flow,F123N,净利润,123000000.0,85
600189,2022,annual,cash_flow,F124N,资产减值准备,400000000.0,86
600189,2022,annual,cash_flow,F132N,递延所得税资产减少,8400.0,94
600189,2021,annual,cash_flow,F123N,净利润,440000000.00000006,85
600189,2021,annual,cash_flow,F124N,资产减值准备,123000000.0,86
600189,2021,annual,cash_flow,F127N,长期待摊费用摊销,124000000.0,89
600189,2020,annual,cash_flow,F123N,净利润,844000000.0,85
600189,2020,annual,cash_flow,F124N,资产减值准备,440000000.00000006,86
600189,2020,annual,cash_flow,F134N,存货的减少,110000000.00000001,96
