stock_code,year,period,statement_type,field_code,field_name,value,display_order
600109,2022,annual,cash_flow,F123N,净利润,1205000000.0,85
600109,2022,annual,cash_flow,F125N,固定资产折旧,170000000.0,87
600109,2022,annual,cash_flow,F130N,公允价值变动损失,1060000000.0,92
600109,2022,annual,cash_flow,F132N,递延所得税资产减少,-225000000.0,94
600109,2022,annual,cash_flow,F135N,经营性应收项目的减少,-864000000.0,97
600109,2022,annual,cash_flow,F136N,经营性应付项目的增加,10177000000.0,98
600109,2021,annual,cash_flow,F123N,净利润,2313000000.0,85
600109,2021,annual,cash_flow,F125N,固定资产折旧,130000000.0,87
600109,2021,annual,cash_flow,F130N,公允价值变动损失,-433000000.0,92
600109,2021,annual,cash_flow,F131N,投资损失,-145000000.0,93
600109,2021,annual,cash_flow,F132N,递延所得税资产减少,-100000000.0,94
600109,2021,annual,cash_flow,F135N,经营性应收项目的减少,-9064000000.0,97
600109,2021,annual,cash_flow,F136N,经营性应付项目的增加,9728000000.0,98
600109,2020,annual,cash_flow,F123N,净利润,1873999999.9999998,85
600109,2020,annual,cash_flow,F132N,递延所得税资产减少,-114999999.99999999,94
600109,2020,annual,cash_flow,F135N,经营性应收项目的减少,-8781000000.0,97
600109,2020,annual,cash_flow,F136N,经营性应付项目的增加,8466000000.0,98
