stock_code,year,period,statement_type,field_code,field_name,value,display_order
600176,2022,annual,cash_flow,F123N,净利润,6820000000.0,85
600176,2022,annual,cash_flow,F125N,固定资产折旧,1695000000.0,87
600176,2022,annual,cash_flow,F128N,处置固定资产损失,-2573000000.0,90
600176,2022,annual,cash_flow,F132N,递延所得税资产减少,-115999999.99999999,94
600176,2022,annual,cash_flow,F134N,存货的减少,-1964999999.9999998,96
600176,2022,annual,cash_flow,F135N,经营性应收项目的减少,3519000000.0,97
600176,2022,annual,cash_flow,F136N,经营性应付项目的增加,-3876000000.0,98
600176,2021,annual,cash_flow,F123N,净利润,6138000000.0,85
600176,2021,annual,cash_flow,F125N,固定资产折旧,1778000000.0,87
600176,2021,annual,cash_flow,F128N,处置固定资产损失,-873000000.0,90
600176,2021,annual,cash_flow,F132N,递延所得税资产减少,-135000000.0,94
600176,2021,annual,cash_flow,F133N,递延所得税负债增加,118000000.0,95
600176,2021,annual,cash_flow,F134N,存货的减少,-622000000.0,96
600176,2021,annual,cash_flow,F135N,经营性应收项目的减少,-4243000000.0,97
600176,2021,annual,cash_flow,F136N,经营性应付项目的增加,3286999999.9999995,98
600176,2020,annual,cash_flow,F123N,净利润,2410000000.0,85
600176,2020,annual,cash_flow,F124N,资产减值准备,144000000.0,86
600176,2020,annual,cash_flow,F125N,固定资产折旧,1253000000.0,87
600176,2020,annual,cash_flow,F128N,处置固定资产损失,-394000000.0,90
600176,2020,annual,cash_flow,F131N,投资损失,-185000000.0,93
600176,2020,annual,cash_flow,F134N,存货的减少,480000000.0,96
600176,2020,annual,cash_flow,F135N,经营性应收项目的减少,-4499000000.0,97
600176,2020,annual,cash_flow,F136N,经营性应付项目的增加,2208000000.0,98
