stock_code,year,period,statement_type,field_code,field_name,value,display_order
600100,2022,annual,cash_flow,F123N,净利润,-662000000.0,85
600100,2022,annual,cash_flow,F124N,资产减值准备,513999999.99999994,86
600100,2022,annual,cash_flow,F125N,固定资产折旧,515000000.00000006,87
600100,2022,annual,cash_flow,F126N,无形资产摊销,322000000.0,88
600100,2022,annual,cash_flow,F130N,公允价值变动损失,247000000.00000003,92
600100,2022,annual,cash_flow,F131N,投资损失,-712000000.0,93
600100,2022,annual,cash_flow,F133N,递延所得税负债增加,-104000000.0,95
600100,2022,annual,cash_flow,F134N,存货的减少,-448000000.00000006,96
600100,2022,annual,cash_flow,F135N,经营性应收项目的减少,-1353000000.0,97
600100,2022,annual,cash_flow,F136N,经营性应付项目的增加,602000000.0,98
600100,2021,annual,cash_flow,F123N,净利润,-1870000000.0,85
600100,2021,annual,cash_flow,F124N,资产减值准备,730000000.0,86
600100,2021,annual,cash_flow,F125N,固定资产折旧,509999999.99999994,87
600100,2021,annual,cash_flow,F126N,无形资产摊销,351000000.0,88
600100,2021,annual,cash_flow,F132N,递延所得税资产减少,-240000000.0,94
600100,2021,annual,cash_flow,F134N,存货的减少,274000000.0,96
600100,2021,annual,cash_flow,F135N,经营性应收项目的减少,-1282000000.0,97
600100,2021,annual,cash_flow,F136N,经营性应付项目的增加,-1059000000.0,98
600100,2020,annual,cash_flow,F123N,净利润,313000000.0,85
600100,2020,annual,cash_flow,F124N,资产减值准备,348000000.0,86
600100,2020,annual,cash_flow,F125N,固定资产折旧,345000000.0,87
600100,2020,annual,cash_flow,F126N,无形资产摊销,314000000.0,88
600100,2020,annual,cash_flow,F128N,处置固定资产损失,-175000000.0,90
600100,2020,annual,cash_flow,F130N,公允价值变动损失,486000000.00000006,92
600100,2020,annual,cash_flow,F131N,投资损失,-1443000000.0,93
600100,2020,annual,cash_flow,F134N,存货的减少,-836000000.0,96
600100,2020,annual,cash_flow,F135N,经营性应收项目的减少,-768000000.0,97
600100,2020,annual,cash_flow,F136N,经营性应付项目的增加,-1096000000.0,98
