stock_code,year,period,statement_type,field_code,field_name,value,display_order
600163,2022,annual,cash_flow,F123N,净利润,802999999.9999999,85
600163,2022,annual,cash_flow,F124N,资产减值准备,1111000000.0,86
600163,2022,annual,cash_flow,F127N,长期待摊费用摊销,785000000.0,89
600163,2022,annual,cash_flow,F129N,固定资产报废损失,484999999.99999994,91
600163,2022,annual,cash_flow,F131N,投资损失,7800.0,93
600163,2022,annual,cash_flow,F132N,递延所得税资产减少,-4800.0,94
600163,2022,annual,cash_flow,F134N,存货的减少,150000000.0,96
600163,2021,annual,cash_flow,F123N,净利润,896000000.0000001,85
600163,2021,annual,cash_flow,F124N,资产减值准备,802999999.9999999,86
600163,2021,annual,cash_flow,F127N,长期待摊费用摊销,737000000.0,89
600163,2021,annual,cash_flow,F129N,固定资产报废损失,401000000.0,91
600163,2021,annual,cash_flow,F134N,存货的减少,181000000.0,96
600163,2020,annual,cash_flow,F123N,净利润,896000000.0000001,85
600163,2020,annual,cash_flow,F124N,资产减值准备,896000000.0000001,86
600163,2020,annual,cash_flow,F127N,长期待摊费用摊销,534999999.99999994,89
600163,2020,annual,cash_flow,F129N,固定资产报废损失,297000000.0,91
600163,2020,annual,cash_flow,F134N,存货的减少,152000000.0,96
