stock_code,year,period,statement_type,field_code,field_name,value,display_order
600143,2022,annual,cash_flow,F123N,净利润,2000000000.0,85
600143,2022,annual,cash_flow,F124N,资产减值准备,434000000.0,86
600143,2022,annual,cash_flow,F125N,固定资产折旧,1353000000.0,87
600143,2022,annual,cash_flow,F126N,无形资产摊销,112000000.00000001,88
600143,2022,annual,cash_flow,F127N,长期待摊费用摊销,134000000.00000001,89
600143,2022,annual,cash_flow,F128N,处置固定资产损失,-157000000.0,90
600143,2022,annual,cash_flow,F132N,递延所得税资产减少,-281000000.0,94
600143,2022,annual,cash_flow,F134N,存货的减少,-424000000.0,96
600143,2022,annual,cash_flow,F135N,经营性应收项目的减少,-621000000.0,97
600143,2022,annual,cash_flow,F136N,经营性应付项目的增加,463999999.99999994,98
600143,2021,annual,cash_flow,F123N,净利润,1657000000.0,85
600143,2021,annual,cash_flow,F124N,资产减值准备,486000000.00000006,86
600143,2021,annual,cash_flow,F125N,固定资产折旧,1245000000.0,87
600143,2021,annual,cash_flow,F126N,无形资产摊销,100000000.0,88
600143,2021,annual,cash_flow,F128N,处置固定资产损失,122000000.0,90
600143,2021,annual,cash_flow,F134N,存货的减少,-1276000000.0,96
600143,2021,annual,cash_flow,F135N,经营性应收项目的减少,-3707000000.0,97
600143,2021,annual,cash_flow,F136N,经营性应付项目的增加,2917000000.0,98
600143,2020,annual,cash_flow,F123N,净利润,4609000000.0,85
600143,2020,annual,cash_flow,F125N,固定资产折旧,1092000000.0,87
600143,2020,annual,cash_flow,F134N,存货的减少,-706000000.0,96
600143,2020,annual,cash_flow,F135N,经营性应收项目的减少,-645000000.0,97
600143,2020,annual,cash_flow,F136N,经营性应付项目的增加,1119000000.0,98
