stock_code,year,period,statement_type,field_code,field_name,value,display_order
600206,2022,annual,cash_flow,F123N,净利润,1116000000.0,85
600206,2022,annual,cash_flow,F126N,无形资产摊销,288000000.0,88
600206,2022,annual,cash_flow,F137N,其他,-221000000.0,99
600206,2021,annual,cash_flow,F123N,净利润,1276000000.0,85
600206,2021,annual,cash_flow,F126N,无形资产摊销,250999999.99999997,88
600206,2021,annual,cash_flow,F137N,其他,-206999999.99999997,99
600206,2020,annual,cash_flow,F123N,净利润,738000000.0,85
600206,2020,annual,cash_flow,F126N,无形资产摊销,180000000.0,88
600206,2020,annual,cash_flow,F137N,其他,-151000000.0,99
