stock_code,year,period,statement_type,field_code,field_name,value,display_order
600289,2022,annual,cash_flow,F125N,固定资产折旧,-350000000.0,87
600289,2022,annual,cash_flow,F137N,其他,407000000.0,99
600289,2021,annual,cash_flow,F125N,固定资产折旧,-200999999.99999997,87
600289,2021,annual,cash_flow,F137N,其他,202999999.99999997,99
600289,2020,annual,cash_flow,F125N,固定资产折旧,-330000000.0,87
600289,2020,annual,cash_flow,F126N,无形资产摊销,111000000.00000001,88
600289,2020,annual,cash_flow,F136N,经营性应付项目的增加,131000000.0,98
600289,2020,annual,cash_flow,F137N,其他,628000000.0,99
