stock_code,year,period,statement_type,field_code,field_name,value,display_order
600207,2022,annual,cash_flow,F123N,净利润,1458000000.0,85
600207,2022,annual,cash_flow,F126N,无形资产摊销,111000000.00000001,88
600207,2022,annual,cash_flow,F128N,处置固定资产损失,134000000.00000001,90
600207,2022,annual,cash_flow,F137N,其他,-188000000.0,99
600207,2021,annual,cash_flow,F123N,净利润,132000000.0,85
600207,2021,annual,cash_flow,F126N,无形资产摊销,216000000.0,88
600207,2020,annual,cash_flow,F123N,净利润,143000000.0,85
600207,2020,annual,cash_flow,F126N,无形资产摊销,114999999.99999999,88
600207,2020,annual,cash_flow,F128N,处置固定资产损失,129000000.0,90
