stock_code,year,period,statement_type,field_code,field_name,value,display_order
600299,2022,annual,cash_flow,F123N,净利润,1250000000.0,85
600299,2022,annual,cash_flow,F125N,固定资产折旧,1057000000.0,87
600299,2022,annual,cash_flow,F126N,无形资产摊销,264000000.0,88
600299,2022,annual,cash_flow,F134N,存货的减少,-288000000.0,96
600299,2022,annual,cash_flow,F135N,经营性应收项目的减少,-459000000.0,97
600299,2022,annual,cash_flow,F136N,经营性应付项目的增加,-303000000.0,98
600299,2021,annual,cash_flow,F123N,净利润,1536000000.0,85
600299,2021,annual,cash_flow,F125N,固定资产折旧,924000000.0,87
600299,2021,annual,cash_flow,F126N,无形资产摊销,254999999.99999997,88
600299,2021,annual,cash_flow,F134N,存货的减少,-475000000.0,96
600299,2021,annual,cash_flow,F135N,经营性应收项目的减少,-352000000.0,97
600299,2021,annual,cash_flow,F136N,经营性应付项目的增加,670000000.0,98
600299,2020,annual,cash_flow,F123N,净利润,1477000000.0,85
600299,2020,annual,cash_flow,F125N,固定资产折旧,894000000.0,87
600299,2020,annual,cash_flow,F126N,无形资产摊销,222000000.00000003,88
600299,2020,annual,cash_flow,F136N,经营性应付项目的增加,195000000.0,98
