stock_code,year,period,statement_type,field_code,field_name,value,display_order
600216,2022,annual,cash_flow,F123N,净利润,363000000.0,85
600216,2022,annual,cash_flow,F124N,资产减值准备,142000000.0,86
600216,2022,annual,cash_flow,F125N,固定资产折旧,602000000.0,87
600216,2022,annual,cash_flow,F134N,存货的减少,-331000000.0,96
600216,2022,annual,cash_flow,F135N,经营性应收项目的减少,-162000000.0,97
600216,2022,annual,cash_flow,F136N,经营性应付项目的增加,-218000000.00000003,98
600216,2021,annual,cash_flow,F123N,净利润,885000000.0,85
600216,2021,annual,cash_flow,F124N,资产减值准备,174000000.0,86
600216,2021,annual,cash_flow,F125N,固定资产折旧,524000000.0,87
600216,2021,annual,cash_flow,F134N,存货的减少,-761000000.0,96
600216,2021,annual,cash_flow,F135N,经营性应收项目的减少,-401999999.99999994,97
600216,2021,annual,cash_flow,F136N,经营性应付项目的增加,578000000.0,98
600216,2020,annual,cash_flow,F123N,净利润,660000000.0,85
600216,2020,annual,cash_flow,F124N,资产减值准备,140000000.0,86
600216,2020,annual,cash_flow,F125N,固定资产折旧,491000000.0,87
600216,2020,annual,cash_flow,F131N,投资损失,-120000000.0,93
600216,2020,annual,cash_flow,F134N,存货的减少,-215000000.0,96
600216,2020,annual,cash_flow,F136N,经营性应付项目的增加,155000000.0,98
