stock_code,year,period,statement_type,field_code,field_name,value,display_order
600258,2022,annual,cash_flow,F123N,净利润,3155000000.0,85
600258,2022,annual,cash_flow,F124N,资产减值准备,1005000000.0000001,86
600258,2022,annual,cash_flow,F127N,长期待摊费用摊销,-669000000.0,89
600258,2022,annual,cash_flow,F128N,处置固定资产损失,171000000.0,90
600258,2022,annual,cash_flow,F129N,固定资产报废损失,1676000000.0000002,91
600258,2022,annual,cash_flow,F134N,存货的减少,457000000.0,96
600258,2022,annual,cash_flow,F136N,经营性应付项目的增加,-110000000.00000001,98
600258,2021,annual,cash_flow,F123N,净利润,1353000000.0,85
600258,2021,annual,cash_flow,F124N,资产减值准备,3155000000.0,86
600258,2021,annual,cash_flow,F129N,固定资产报废损失,1590000000.0,91
600258,2021,annual,cash_flow,F134N,存货的减少,536000000.00000006,96
600258,2021,annual,cash_flow,F136N,经营性应付项目的增加,-115999999.99999999,98
600258,2020,annual,cash_flow,F123N,净利润,1773999999.9999998,85
600258,2020,annual,cash_flow,F124N,资产减值准备,1353000000.0,86
600258,2020,annual,cash_flow,F127N,长期待摊费用摊销,-530999999.99999994,89
600258,2020,annual,cash_flow,F128N,处置固定资产损失,163000000.0,90
600258,2020,annual,cash_flow,F129N,固定资产报废损失,259000000.0,91
600258,2020,annual,cash_flow,F130N,公允价值变动损失,115999999.99999999,92
600258,2020,annual,cash_flow,F134N,存货的减少,109000000.00000001,96
600258,2020,annual,cash_flow,F136N,经营性应付项目的增加,-119000000.0,98
