stock_code,year,period,statement_type,field_code,field_name,value,display_order
600276,2022,annual,cash_flow,F123N,净利润,3815000000.0,85
600276,2022,annual,cash_flow,F124N,资产减值准备,147000000.0,86
600276,2022,annual,cash_flow,F125N,固定资产折旧,555000000.0,87
600276,2022,annual,cash_flow,F131N,投资损失,-457000000.0,93
600276,2022,annual,cash_flow,F135N,经营性应收项目的减少,-2285000000.0,97
600276,2022,annual,cash_flow,F136N,经营性应付项目的增加,-511000000.00000006,98
600276,2021,annual,cash_flow,F123N,净利润,4484000000.0,85
600276,2021,annual,cash_flow,F125N,固定资产折旧,509000000.0,87
600276,2021,annual,cash_flow,F131N,投资损失,-252999999.99999997,93
600276,2021,annual,cash_flow,F134N,存货的减少,-631000000.0,96
600276,2021,annual,cash_flow,F135N,经营性应收项目的减少,-868000000.0,97
600276,2021,annual,cash_flow,F136N,经营性应付项目的增加,810000000.0,98
600276,2020,annual,cash_flow,F123N,净利润,6309000000.0,85
600276,2020,annual,cash_flow,F125N,固定资产折旧,438999999.99999994,87
600276,2020,annual,cash_flow,F131N,投资损失,-341000000.0,93
600276,2020,annual,cash_flow,F134N,存货的减少,-174000000.0,96
600276,2020,annual,cash_flow,F135N,经营性应收项目的减少,-3486000000.0,97
600276,2020,annual,cash_flow,F136N,经营性应付项目的增加,222000000.00000003,98
