stock_code,year,period,statement_type,field_code,field_name,value,display_order
600348,2022,annual,cash_flow,F123N,净利润,14738000000.0,85
600348,2022,annual,cash_flow,F124N,资产减值准备,16266000000.0,86
600348,2022,annual,cash_flow,F127N,长期待摊费用摊销,7963000000.0,89
600348,2022,annual,cash_flow,F129N,固定资产报废损失,2055999999.9999998,91
600348,2022,annual,cash_flow,F130N,公允价值变动损失,362000000.0,92
600348,2022,annual,cash_flow,F132N,递延所得税资产减少,677000000.0,94
600348,2022,annual,cash_flow,F134N,存货的减少,660000000.0,96
600348,2022,annual,cash_flow,F136N,经营性应付项目的增加,125000000.0,98
600348,2022,annual,cash_flow,F137N,其他,-194000000.0,99
600348,2021,annual,cash_flow,F123N,净利润,7789000000.0,85
600348,2021,annual,cash_flow,F124N,资产减值准备,14738000000.0,86
600348,2021,annual,cash_flow,F127N,长期待摊费用摊销,4254000000.0,89
600348,2021,annual,cash_flow,F128N,处置固定资产损失,1200000000.0,90
600348,2021,annual,cash_flow,F129N,固定资产报废损失,2048000000.0,91
600348,2021,annual,cash_flow,F130N,公允价值变动损失,250000000.0,92
600348,2021,annual,cash_flow,F132N,递延所得税资产减少,1330000000.0,94
600348,2021,annual,cash_flow,F134N,存货的减少,816000000.0,96
600348,2021,annual,cash_flow,F135N,经营性应收项目的减少,-107000000.0,97
600348,2021,annual,cash_flow,F136N,经营性应付项目的增加,-146000000.0,98
600348,2020,annual,cash_flow,F123N,净利润,5490000000.0,85
600348,2020,annual,cash_flow,F124N,资产减值准备,7789000000.0,86
600348,2020,annual,cash_flow,F127N,长期待摊费用摊销,1662000000.0,89
600348,2020,annual,cash_flow,F129N,固定资产报废损失,1973000000.0,91
600348,2020,annual,cash_flow,F130N,公允价值变动损失,245000000.00000003,92
600348,2020,annual,cash_flow,F134N,存货的减少,450000000.0,96
600348,2020,annual,cash_flow,F135N,经营性应收项目的减少,-570000000.0,97
600348,2020,annual,cash_flow,F136N,经营性应付项目的增加,-193000000.0,98
