stock_code,year,period,statement_type,field_code,field_name,value,display_order
600393,2022,annual,cash_flow,F123N,净利润,143000000.0,85
600393,2022,annual,cash_flow,F127N,长期待摊费用摊销,-1443000000.0,89
600393,2022,annual,cash_flow,F128N,处置固定资产损失,375000000.0,90
600393,2022,annual,cash_flow,F133N,递延所得税负债增加,341000000.0,95
600393,2022,annual,cash_flow,F134N,存货的减少,-101000000.0,96
600393,2022,annual,cash_flow,F137N,其他,907000000.0,99
600393,2021,annual,cash_flow,F123N,净利润,405000000.0,85
600393,2021,annual,cash_flow,F124N,资产减值准备,143000000.0,86
600393,2021,annual,cash_flow,F127N,长期待摊费用摊销,-946000000.0000001,89
600393,2021,annual,cash_flow,F128N,处置固定资产损失,289000000.0,90
600393,2021,annual,cash_flow,F133N,递延所得税负债增加,270000000.0,95
600393,2021,annual,cash_flow,F137N,其他,-948000000.0,99
600393,2020,annual,cash_flow,F123N,净利润,243000000.00000003,85
600393,2020,annual,cash_flow,F124N,资产减值准备,405000000.0,86
600393,2020,annual,cash_flow,F127N,长期待摊费用摊销,-1061999999.9999999,89
600393,2020,annual,cash_flow,F128N,处置固定资产损失,321000000.0,90
600393,2020,annual,cash_flow,F133N,递延所得税负债增加,317000000.0,95
600393,2020,annual,cash_flow,F137N,其他,1830999999.9999998,99
