stock_code,year,period,statement_type,field_code,field_name,value,display_order
600375,2022,annual,cash_flow,F123N,净利润,299000000.0,85
600375,2022,annual,cash_flow,F126N,无形资产摊销,-1531000000.0,88
600375,2022,annual,cash_flow,F127N,长期待摊费用摊销,309000000.0,89
600375,2022,annual,cash_flow,F128N,处置固定资产损失,322000000.0,90
600375,2022,annual,cash_flow,F132N,递延所得税资产减少,102000000.0,94
600375,2022,annual,cash_flow,F133N,递延所得税负债增加,-113999999.99999999,95
600375,2022,annual,cash_flow,F136N,经营性应付项目的增加,716000000.0,98
600375,2022,annual,cash_flow,F137N,其他,279000000.0,99
600375,2021,annual,cash_flow,F123N,净利润,688000000.0,85
600375,2021,annual,cash_flow,F126N,无形资产摊销,-1345000000.0,88
600375,2021,annual,cash_flow,F127N,长期待摊费用摊销,317000000.0,89
600375,2021,annual,cash_flow,F128N,处置固定资产损失,341000000.0,90
600375,2021,annual,cash_flow,F136N,经营性应付项目的增加,461000000.00000006,98
600375,2020,annual,cash_flow,F123N,净利润,622000000.0,85
600375,2020,annual,cash_flow,F126N,无形资产摊销,-488999999.99999994,88
600375,2020,annual,cash_flow,F128N,处置固定资产损失,335000000.0,90
600375,2020,annual,cash_flow,F132N,递延所得税资产减少,105000000.0,94
600375,2020,annual,cash_flow,F137N,其他,-938000000.0000001,99
