stock_code,year,period,statement_type,field_code,field_name,value,display_order
600321,2022,annual,cash_flow,F123N,净利润,-195000000.0,85
600321,2022,annual,cash_flow,F134N,存货的减少,-403000000.0,96
600321,2022,annual,cash_flow,F135N,经营性应收项目的减少,271000000.0,97
600321,2022,annual,cash_flow,F136N,经营性应付项目的增加,294000000.0,98
600321,2021,annual,cash_flow,F129N,固定资产报废损失,7300.0,91
600321,2021,annual,cash_flow,F134N,存货的减少,-416000000.0,96
600321,2021,annual,cash_flow,F135N,经营性应收项目的减少,-115999999.99999999,97
600321,2021,annual,cash_flow,F136N,经营性应付项目的增加,650000000.0,98
600321,2020,annual,cash_flow,F123N,净利润,-768000000.0,85
600321,2020,annual,cash_flow,F124N,资产减值准备,551000000.0,86
600321,2020,annual,cash_flow,F125N,固定资产折旧,119000000.0,87
600321,2020,annual,cash_flow,F134N,存货的减少,-2014999999.9999998,96
600321,2020,annual,cash_flow,F135N,经营性应收项目的减少,115999999.99999999,97
600321,2020,annual,cash_flow,F136N,经营性应付项目的增加,262000000.0,98
