stock_code,year,period,statement_type,field_code,field_name,value,display_order
600425,2022,annual,cash_flow,F123N,净利润,1213000000.0,85
600425,2022,annual,cash_flow,F124N,资产减值准备,997000000.0000001,86
600425,2022,annual,cash_flow,F127N,长期待摊费用摊销,421000000.0,89
600425,2022,annual,cash_flow,F129N,固定资产报废损失,298000000.0,91
600425,2022,annual,cash_flow,F137N,其他,-448000000.00000006,99
600425,2021,annual,cash_flow,F123N,净利润,1044000000.0,85
600425,2021,annual,cash_flow,F124N,资产减值准备,1213000000.0,86
600425,2021,annual,cash_flow,F127N,长期待摊费用摊销,312000000.0,89
600425,2021,annual,cash_flow,F128N,处置固定资产损失,121000000.0,90
600425,2021,annual,cash_flow,F129N,固定资产报废损失,290000000.0,91
600425,2021,annual,cash_flow,F132N,递延所得税资产减少,120000000.0,94
600425,2021,annual,cash_flow,F137N,其他,-156000000.0,99
600425,2020,annual,cash_flow,F123N,净利润,376000000.0,85
600425,2020,annual,cash_flow,F124N,资产减值准备,1044000000.0,86
600425,2020,annual,cash_flow,F127N,长期待摊费用摊销,282000000.0,89
600425,2020,annual,cash_flow,F128N,处置固定资产损失,184000000.0,90
600425,2020,annual,cash_flow,F129N,固定资产报废损失,298000000.0,91
600425,2020,annual,cash_flow,F133N,递延所得税负债增加,121000000.0,95
