stock_code,year,period,statement_type,field_code,field_name,value,display_order
600468,2022,annual,cash_flow,F123N,净利润,513999999.99999994,85
600468,2022,annual,cash_flow,F124N,资产减值准备,578000000.0,86
600468,2022,annual,cash_flow,F127N,长期待摊费用摊销,135000000.0,89
600468,2021,annual,cash_flow,F123N,净利润,492000000.0,85
600468,2021,annual,cash_flow,F124N,资产减值准备,513999999.99999994,86
600468,2021,annual,cash_flow,F127N,长期待摊费用摊销,121000000.0,89
600468,2020,annual,cash_flow,F123N,净利润,320000000.0,85
600468,2020,annual,cash_flow,F124N,资产减值准备,492000000.0,86
600468,2020,annual,cash_flow,F127N,长期待摊费用摊销,129000000.0,89
