stock_code,year,period,statement_type,field_code,field_name,value,display_order
600400,2022,annual,cash_flow,F123N,净利润,935000000.0,85
600400,2022,annual,cash_flow,F124N,资产减值准备,807000000.0,86
600400,2022,annual,cash_flow,F129N,固定资产报废损失,185000000.0,91
600400,2021,annual,cash_flow,F123N,净利润,1011999999.9999999,85
600400,2021,annual,cash_flow,F124N,资产减值准备,935000000.0,86
600400,2021,annual,cash_flow,F129N,固定资产报废损失,140000000.0,91
600400,2020,annual,cash_flow,F123N,净利润,1096000000.0,85
600400,2020,annual,cash_flow,F124N,资产减值准备,1011999999.9999999,86
600400,2020,annual,cash_flow,F127N,长期待摊费用摊销,174000000.0,89
