stock_code,year,period,statement_type,field_code,field_name,value,display_order
600406,2022,annual,cash_flow,F123N,净利润,6905000000.0,85
600406,2022,annual,cash_flow,F124N,资产减值准备,154000000.0,86
600406,2022,annual,cash_flow,F125N,固定资产折旧,1261000000.0,87
600406,2022,annual,cash_flow,F126N,无形资产摊销,134000000.00000001,88
600406,2022,annual,cash_flow,F132N,递延所得税资产减少,-100000000.0,94
600406,2022,annual,cash_flow,F134N,存货的减少,-472000000.0,96
600406,2022,annual,cash_flow,F135N,经营性应收项目的减少,-1245000000.0,97
600406,2022,annual,cash_flow,F136N,经营性应付项目的增加,1953000000.0,98
600406,2021,annual,cash_flow,F123N,净利润,6043000000.0,85
600406,2021,annual,cash_flow,F125N,固定资产折旧,1184000000.0,87
600406,2021,annual,cash_flow,F126N,无形资产摊销,112999999.99999999,88
600406,2021,annual,cash_flow,F132N,递延所得税资产减少,-105000000.0,94
600406,2021,annual,cash_flow,F135N,经营性应收项目的减少,-5612000000.0,97
600406,2021,annual,cash_flow,F136N,经营性应付项目的增加,2654000000.0,98
600406,2020,annual,cash_flow,F123N,净利润,5212000000.0,85
600406,2020,annual,cash_flow,F124N,资产减值准备,245000000.00000003,86
600406,2020,annual,cash_flow,F125N,固定资产折旧,1011000000.0,87
600406,2020,annual,cash_flow,F126N,无形资产摊销,112999999.99999999,88
600406,2020,annual,cash_flow,F134N,存货的减少,-2170000000.0,96
600406,2020,annual,cash_flow,F135N,经营性应收项目的减少,-4487000000.0,97
600406,2020,annual,cash_flow,F136N,经营性应付项目的增加,5164000000.0,98
