stock_code,year,period,statement_type,field_code,field_name,value,display_order
600489,2022,annual,cash_flow,F123N,净利润,9579000000.0,85
600489,2022,annual,cash_flow,F126N,无形资产摊销,2278000000.0,88
600489,2022,annual,cash_flow,F128N,处置固定资产损失,1555000000.0,90
600489,2022,annual,cash_flow,F129N,固定资产报废损失,169000000.0,91
600489,2022,annual,cash_flow,F130N,公允价值变动损失,499000000.0,92
600489,2022,annual,cash_flow,F133N,递延所得税负债增加,733000000.0,95
600489,2022,annual,cash_flow,F134N,存货的减少,-166000000.0,96
600489,2022,annual,cash_flow,F137N,其他,423000000.00000006,99
600489,2021,annual,cash_flow,F123N,净利润,7290000000.000001,85
600489,2021,annual,cash_flow,F126N,无形资产摊销,1959000000.0,88
600489,2021,annual,cash_flow,F127N,长期待摊费用摊销,111000000.00000001,89
600489,2021,annual,cash_flow,F128N,处置固定资产损失,1575000000.0,90
600489,2021,annual,cash_flow,F129N,固定资产报废损失,197000000.0,91
600489,2021,annual,cash_flow,F130N,公允价值变动损失,548000000.0,92
600489,2021,annual,cash_flow,F133N,递延所得税负债增加,522000000.0,95
600489,2021,annual,cash_flow,F137N,其他,-119000000.0,99
600489,2020,annual,cash_flow,F123N,净利润,5430000000.0,85
600489,2020,annual,cash_flow,F126N,无形资产摊销,1935000000.0000002,88
600489,2020,annual,cash_flow,F127N,长期待摊费用摊销,291000000.0,89
600489,2020,annual,cash_flow,F128N,处置固定资产损失,1588000000.0,90
600489,2020,annual,cash_flow,F129N,固定资产报废损失,177000000.0,91
600489,2020,annual,cash_flow,F130N,公允价值变动损失,408000000.0,92
600489,2020,annual,cash_flow,F133N,递延所得税负债增加,573000000.0,95
600489,2020,annual,cash_flow,F134N,存货的减少,-129000000.0,96
600489,2020,annual,cash_flow,F137N,其他,-185000000.0,99
