stock_code,year,period,statement_type,field_code,field_name,value,display_order
600566,2022,annual,cash_flow,F125N,固定资产折旧,2172000000.0,87
600566,2022,annual,cash_flow,F127N,长期待摊费用摊销,286000000.0,89
600566,2022,annual,cash_flow,F137N,其他,-714000000.0,99
600566,2021,annual,cash_flow,F125N,固定资产折旧,1717000000.0000002,87
600566,2021,annual,cash_flow,F127N,长期待摊费用摊销,274000000.0,89
600566,2021,annual,cash_flow,F131N,投资损失,-114999999.99999999,93
600566,2021,annual,cash_flow,F137N,其他,-181000000.0,99
600566,2020,annual,cash_flow,F125N,固定资产折旧,1277000000.0,87
600566,2020,annual,cash_flow,F127N,长期待摊费用摊销,264000000.0,89
