stock_code,year,period,statement_type,field_code,field_name,value,display_order
600516,2022,annual,cash_flow,F123N,净利润,7422000000.0,85
600516,2022,annual,cash_flow,F124N,资产减值准备,2940000000.0,86
600516,2022,annual,cash_flow,F127N,长期待摊费用摊销,934000000.0,89
600516,2022,annual,cash_flow,F129N,固定资产报废损失,254999999.99999997,91
600516,2022,annual,cash_flow,F131N,投资损失,-223000000.0,93
600516,2022,annual,cash_flow,F133N,递延所得税负债增加,160000000.0,95
600516,2022,annual,cash_flow,F135N,经营性应收项目的减少,-224000000.00000003,97
600516,2021,annual,cash_flow,F123N,净利润,5498000000.0,85
600516,2021,annual,cash_flow,F124N,资产减值准备,7422000000.0,86
600516,2021,annual,cash_flow,F127N,长期待摊费用摊销,1116000000.0,89
600516,2021,annual,cash_flow,F129N,固定资产报废损失,229000000.0,91
600516,2021,annual,cash_flow,F135N,经营性应收项目的减少,-413000000.0,97
600516,2020,annual,cash_flow,F123N,净利润,9749000000.0,85
600516,2020,annual,cash_flow,F124N,资产减值准备,5498000000.0,86
600516,2020,annual,cash_flow,F127N,长期待摊费用摊销,537000000.0,89
600516,2020,annual,cash_flow,F128N,处置固定资产损失,478000000.0,90
600516,2020,annual,cash_flow,F129N,固定资产报废损失,180000000.0,91
600516,2020,annual,cash_flow,F131N,投资损失,-700.0,93
600516,2020,annual,cash_flow,F135N,经营性应收项目的减少,-544000000.0,97
