stock_code,year,period,statement_type,field_code,field_name,value,display_order
600546,2022,annual,cash_flow,F123N,净利润,10744000000.0,85
600546,2022,annual,cash_flow,F124N,资产减值准备,9051000000.0,86
600546,2022,annual,cash_flow,F127N,长期待摊费用摊销,10942000000.0,89
600546,2022,annual,cash_flow,F129N,固定资产报废损失,1002999999.9999999,91
600546,2022,annual,cash_flow,F130N,公允价值变动损失,357000000.0,92
600546,2022,annual,cash_flow,F133N,递延所得税负债增加,600000000.0,95
600546,2022,annual,cash_flow,F134N,存货的减少,112000000.00000001,96
600546,2022,annual,cash_flow,F137N,其他,401999999.99999994,99
600546,2021,annual,cash_flow,F123N,净利润,4233000000.0,85
600546,2021,annual,cash_flow,F124N,资产减值准备,10744000000.0,86
600546,2021,annual,cash_flow,F127N,长期待摊费用摊销,7815000000.000001,89
600546,2021,annual,cash_flow,F128N,处置固定资产损失,389000000.0,90
600546,2021,annual,cash_flow,F129N,固定资产报废损失,847000000.0000001,91
600546,2021,annual,cash_flow,F130N,公允价值变动损失,346000000.0,92
600546,2021,annual,cash_flow,F133N,递延所得税负债增加,941000000.0,95
600546,2021,annual,cash_flow,F134N,存货的减少,141000000.0,96
600546,2021,annual,cash_flow,F135N,经营性应收项目的减少,-102000000.0,97
600546,2021,annual,cash_flow,F137N,其他,-187000000.0,99
600546,2020,annual,cash_flow,F123N,净利润,7066000000.0,85
600546,2020,annual,cash_flow,F124N,资产减值准备,4233000000.0,86
600546,2020,annual,cash_flow,F127N,长期待摊费用摊销,935000000.0,89
600546,2020,annual,cash_flow,F129N,固定资产报废损失,771000000.0,91
600546,2020,annual,cash_flow,F130N,公允价值变动损失,343000000.0,92
600546,2020,annual,cash_flow,F133N,递延所得税负债增加,1130000000.0,95
600546,2020,annual,cash_flow,F137N,其他,131000000.0,99
