stock_code,year,period,statement_type,field_code,field_name,value,display_order
600598,2022,annual,cash_flow,F123N,净利润,946000000.0000001,85
600598,2022,annual,cash_flow,F124N,资产减值准备,183000000.0,86
600598,2022,annual,cash_flow,F125N,固定资产折旧,235000000.0,87
600598,2022,annual,cash_flow,F136N,经营性应付项目的增加,-100000000.0,98
600598,2021,annual,cash_flow,F123N,净利润,699000000.0,85
600598,2021,annual,cash_flow,F124N,资产减值准备,126000000.0,86
600598,2021,annual,cash_flow,F125N,固定资产折旧,237000000.0,87
600598,2020,annual,cash_flow,F123N,净利润,972000000.0000001,85
600598,2020,annual,cash_flow,F125N,固定资产折旧,227000000.0,87
