stock_code,year,period,statement_type,field_code,field_name,value,display_order
600502,2022,annual,cash_flow,F123N,净利润,1832000000.0,85
600502,2022,annual,cash_flow,F125N,固定资产折旧,401000000.0,87
600502,2022,annual,cash_flow,F132N,递延所得税资产减少,-324000000.0,94
600502,2022,annual,cash_flow,F134N,存货的减少,-1689999999.9999998,96
600502,2022,annual,cash_flow,F135N,经营性应收项目的减少,-15161000000.000002,97
600502,2022,annual,cash_flow,F136N,经营性应付项目的增加,10661000000.0,98
600502,2021,annual,cash_flow,F123N,净利润,1413000000.0,85
600502,2021,annual,cash_flow,F125N,固定资产折旧,284000000.0,87
600502,2021,annual,cash_flow,F132N,递延所得税资产减少,-335000000.0,94
600502,2021,annual,cash_flow,F134N,存货的减少,636000000.0,96
600502,2021,annual,cash_flow,F135N,经营性应收项目的减少,-20716000000.0,97
600502,2021,annual,cash_flow,F136N,经营性应付项目的增加,9968000000.0,98
600502,2020,annual,cash_flow,F123N,净利润,1214000000.0,85
600502,2020,annual,cash_flow,F124N,资产减值准备,293000000.0,86
600502,2020,annual,cash_flow,F125N,固定资产折旧,239000000.0,87
600502,2020,annual,cash_flow,F132N,递延所得税资产减少,-176000000.0,94
600502,2020,annual,cash_flow,F134N,存货的减少,-294000000.0,96
600502,2020,annual,cash_flow,F135N,经营性应收项目的减少,-12757000000.0,97
600502,2020,annual,cash_flow,F136N,经营性应付项目的增加,4600000000.0,98
