stock_code,year,period,statement_type,field_code,field_name,value,display_order
600686,2022,annual,cash_flow,F123N,净利润,5163000000.0,85
600686,2022,annual,cash_flow,F126N,无形资产摊销,-457000000.0,88
600686,2022,annual,cash_flow,F128N,处置固定资产损失,313000000.0,90
600686,2022,annual,cash_flow,F137N,其他,-327000000.0,99
600686,2021,annual,cash_flow,F123N,净利润,6906999999.999999,85
600686,2021,annual,cash_flow,F126N,无形资产摊销,-776000000.0,88
600686,2021,annual,cash_flow,F127N,长期待摊费用摊销,225999999.99999997,89
600686,2021,annual,cash_flow,F128N,处置固定资产损失,263000000.0,90
600686,2021,annual,cash_flow,F133N,递延所得税负债增加,110000000.00000001,95
600686,2021,annual,cash_flow,F134N,存货的减少,-120000000.0,96
600686,2021,annual,cash_flow,F137N,其他,-705000000.0,99
600686,2020,annual,cash_flow,F123N,净利润,5131000000.0,85
600686,2020,annual,cash_flow,F127N,长期待摊费用摊销,144000000.0,89
600686,2020,annual,cash_flow,F128N,处置固定资产损失,225999999.99999997,90
600686,2020,annual,cash_flow,F133N,递延所得税负债增加,157000000.0,95
600686,2020,annual,cash_flow,F134N,存货的减少,-104000000.0,96
600686,2020,annual,cash_flow,F137N,其他,-266000000.0,99
