stock_code,year,period,statement_type,field_code,field_name,value,display_order
600658,2022,annual,cash_flow,F123N,净利润,3559000000.0000005,85
600658,2022,annual,cash_flow,F124N,资产减值准备,2800000000.0,86
600658,2022,annual,cash_flow,F127N,长期待摊费用摊销,598000000.0,89
600658,2022,annual,cash_flow,F129N,固定资产报废损失,371000000.0,91
600658,2022,annual,cash_flow,F134N,存货的减少,285000000.0,96
600658,2022,annual,cash_flow,F136N,经营性应付项目的增加,-163000000.0,98
600658,2021,annual,cash_flow,F123N,净利润,3757000000.0,85
600658,2021,annual,cash_flow,F124N,资产减值准备,3559000000.0000005,86
600658,2021,annual,cash_flow,F129N,固定资产报废损失,364000000.0,91
600658,2021,annual,cash_flow,F134N,存货的减少,348000000.0,96
600658,2020,annual,cash_flow,F123N,净利润,2091000000.0,85
600658,2020,annual,cash_flow,F124N,资产减值准备,3757000000.0,86
600658,2020,annual,cash_flow,F127N,长期待摊费用摊销,546000000.0,89
600658,2020,annual,cash_flow,F134N,存货的减少,145000000.0,96
600658,2020,annual,cash_flow,F136N,经营性应付项目的增加,-215000000.0,98
