stock_code,year,period,statement_type,field_code,field_name,value,display_order
600626,2022,annual,cash_flow,F123N,净利润,-254000000.0,85
600626,2022,annual,cash_flow,F125N,固定资产折旧,496000000.0,87
600626,2022,annual,cash_flow,F135N,经营性应收项目的减少,-401999999.99999994,97
600626,2022,annual,cash_flow,F136N,经营性应付项目的增加,280000000.0,98
600626,2021,annual,cash_flow,F125N,固定资产折旧,486000000.00000006,87
600626,2021,annual,cash_flow,F130N,公允价值变动损失,1900.0,92
600626,2021,annual,cash_flow,F131N,投资损失,-430999999.99999994,93
600626,2021,annual,cash_flow,F134N,存货的减少,-120000000.0,96
600626,2020,annual,cash_flow,F123N,净利润,-975000000.0,85
600626,2020,annual,cash_flow,F124N,资产减值准备,707000000.0,86
600626,2020,annual,cash_flow,F125N,固定资产折旧,441000000.0,87
600626,2020,annual,cash_flow,F131N,投资损失,-374000000.0,93
600626,2020,annual,cash_flow,F135N,经营性应收项目的减少,300000000.0,97
600626,2020,annual,cash_flow,F136N,经营性应付项目的增加,-221000000.0,98
