stock_code,year,period,statement_type,field_code,field_name,value,display_order
600622,2022,annual,cash_flow,F129N,固定资产报废损失,-8100.0,91
600622,2022,annual,cash_flow,F131N,投资损失,132000000.0,93
600622,2022,annual,cash_flow,F133N,递延所得税负债增加,-103000000.0,95
600622,2022,annual,cash_flow,F134N,存货的减少,2761000000.0,96
600622,2022,annual,cash_flow,F135N,经营性应收项目的减少,-547000000.0,97
600622,2022,annual,cash_flow,F136N,经营性应付项目的增加,-3485000000.0,98
600622,2021,annual,cash_flow,F123N,净利润,223000000.0,85
600622,2021,annual,cash_flow,F131N,投资损失,-172000000.0,93
600622,2021,annual,cash_flow,F134N,存货的减少,429000000.0,96
600622,2021,annual,cash_flow,F135N,经营性应收项目的减少,-617000000.0,97
600622,2021,annual,cash_flow,F136N,经营性应付项目的增加,2975000000.0,98
600622,2020,annual,cash_flow,F123N,净利润,379000000.0,85
600622,2020,annual,cash_flow,F131N,投资损失,-128000000.0,93
600622,2020,annual,cash_flow,F134N,存货的减少,855000000.0000001,96
600622,2020,annual,cash_flow,F135N,经营性应收项目的减少,1031000000.0,97
600622,2020,annual,cash_flow,F136N,经营性应付项目的增加,-1601000000.0000002,98
