stock_code,year,period,statement_type,field_code,field_name,value,display_order
600637,2022,annual,cash_flow,F123N,净利润,6862000000.0,85
600637,2022,annual,cash_flow,F124N,资产减值准备,7686000000.0,86
600637,2022,annual,cash_flow,F127N,长期待摊费用摊销,138000000.0,89
600637,2022,annual,cash_flow,F128N,处置固定资产损失,699000000.0,90
600637,2022,annual,cash_flow,F129N,固定资产报废损失,1184000000.0,91
600637,2022,annual,cash_flow,F130N,公允价值变动损失,590000000.0,92
600637,2022,annual,cash_flow,F135N,经营性应收项目的减少,-710000000.0,97
600637,2021,annual,cash_flow,F123N,净利润,7706000000.0,85
600637,2021,annual,cash_flow,F124N,资产减值准备,6862000000.0,86
600637,2021,annual,cash_flow,F127N,长期待摊费用摊销,1944000000.0000002,89
600637,2021,annual,cash_flow,F128N,处置固定资产损失,343000000.0,90
600637,2021,annual,cash_flow,F129N,固定资产报废损失,1315000000.0,91
600637,2021,annual,cash_flow,F130N,公允价值变动损失,446000000.0,92
600637,2021,annual,cash_flow,F135N,经营性应收项目的减少,-2034000000.0,97
600637,2020,annual,cash_flow,F123N,净利润,8216000000.0,85
600637,2020,annual,cash_flow,F124N,资产减值准备,7706000000.0,86
600637,2020,annual,cash_flow,F127N,长期待摊费用摊销,1561000000.0,89
600637,2020,annual,cash_flow,F129N,固定资产报废损失,1564000000.0,91
600637,2020,annual,cash_flow,F130N,公允价值变动损失,896000000.0000001,92
600637,2020,annual,cash_flow,F133N,递延所得税负债增加,112000000.00000001,95
600637,2020,annual,cash_flow,F135N,经营性应收项目的减少,-831000000.0,97
600637,2020,annual,cash_flow,F137N,其他,-120000000.0,99
