stock_code,year,period,statement_type,field_code,field_name,value,display_order
600650,2022,annual,cash_flow,F123N,净利润,512000000.0,85
600650,2022,annual,cash_flow,F125N,固定资产折旧,224000000.00000003,87
600650,2022,annual,cash_flow,F128N,处置固定资产损失,-780000000.0,90
600650,2022,annual,cash_flow,F131N,投资损失,-168000000.0,93
600650,2022,annual,cash_flow,F136N,经营性应付项目的增加,218000000.00000003,98
600650,2021,annual,cash_flow,F123N,净利润,147000000.0,85
600650,2021,annual,cash_flow,F125N,固定资产折旧,215000000.0,87
600650,2021,annual,cash_flow,F131N,投资损失,-132000000.0,93
600650,2021,annual,cash_flow,F136N,经营性应付项目的增加,-136000000.0,98
600650,2020,annual,cash_flow,F123N,净利润,233000000.0,85
600650,2020,annual,cash_flow,F125N,固定资产折旧,212000000.0,87
600650,2020,annual,cash_flow,F128N,处置固定资产损失,-372000000.0,90
600650,2020,annual,cash_flow,F131N,投资损失,-132000000.0,93
600650,2020,annual,cash_flow,F136N,经营性应付项目的增加,264000000.0,98
