stock_code,year,period,statement_type,field_code,field_name,value,display_order
600666,2022,annual,cash_flow,F124N,资产减值准备,405000000.0,86
600666,2022,annual,cash_flow,F125N,固定资产折旧,100000000.0,87
600666,2022,annual,cash_flow,F131N,投资损失,-1382000000.0,93
600666,2022,annual,cash_flow,F132N,递延所得税资产减少,103000000.0,94
600666,2022,annual,cash_flow,F135N,经营性应收项目的减少,997000000.0000001,97
600666,2022,annual,cash_flow,F136N,经营性应付项目的增加,-557000000.0,98
600666,2021,annual,cash_flow,F123N,净利润,-483000000.0,85
600666,2021,annual,cash_flow,F124N,资产减值准备,160000000.0,86
600666,2021,annual,cash_flow,F125N,固定资产折旧,102000000.0,87
600666,2021,annual,cash_flow,F135N,经营性应收项目的减少,-118000000.0,97
600666,2020,annual,cash_flow,F123N,净利润,-684000000.0,85
600666,2020,annual,cash_flow,F124N,资产减值准备,425000000.0,86
600666,2020,annual,cash_flow,F125N,固定资产折旧,103000000.0,87
600666,2020,annual,cash_flow,F129N,固定资产报废损失,1400.0,91
600666,2020,annual,cash_flow,F135N,经营性应收项目的减少,-206999999.99999997,97
600666,2020,annual,cash_flow,F136N,经营性应付项目的增加,227000000.0,98
