stock_code,year,period,statement_type,field_code,field_name,value,display_order
600621,2022,annual,cash_flow,F123N,净利润,353000000.0,85
600621,2022,annual,cash_flow,F125N,固定资产折旧,115999999.99999999,87
600621,2022,annual,cash_flow,F131N,投资损失,-119000000.0,93
600621,2022,annual,cash_flow,F135N,经营性应收项目的减少,2007999999.9999998,97
600621,2022,annual,cash_flow,F136N,经营性应付项目的增加,1002999999.9999999,98
600621,2021,annual,cash_flow,F123N,净利润,498000000.00000006,85
600621,2021,annual,cash_flow,F131N,投资损失,-252999999.99999997,93
600621,2021,annual,cash_flow,F135N,经营性应收项目的减少,-2746000000.0,97
600621,2021,annual,cash_flow,F136N,经营性应付项目的增加,2835000000.0,98
600621,2020,annual,cash_flow,F123N,净利润,693000000.0,85
600621,2020,annual,cash_flow,F131N,投资损失,-615000000.0,93
600621,2020,annual,cash_flow,F135N,经营性应收项目的减少,125000000.0,97
600621,2020,annual,cash_flow,F136N,经营性应付项目的增加,2112000000.0,98
