stock_code,year,period,statement_type,field_code,field_name,value,display_order
600711,2022,annual,cash_flow,F123N,净利润,1314000000.0,85
600711,2022,annual,cash_flow,F124N,资产减值准备,2001000000.0000002,86
600711,2022,annual,cash_flow,F127N,长期待摊费用摊销,855000000.0000001,89
600711,2022,annual,cash_flow,F128N,处置固定资产损失,584000000.0,90
600711,2022,annual,cash_flow,F129N,固定资产报废损失,508000000.0,91
600711,2022,annual,cash_flow,F133N,递延所得税负债增加,309000000.0,95
600711,2022,annual,cash_flow,F134N,存货的减少,196000000.0,96
600711,2021,annual,cash_flow,F123N,净利润,599000000.0,85
600711,2021,annual,cash_flow,F124N,资产减值准备,1285000000.0,86
600711,2021,annual,cash_flow,F127N,长期待摊费用摊销,2527000000.0,89
600711,2021,annual,cash_flow,F128N,处置固定资产损失,363000000.0,90
600711,2021,annual,cash_flow,F129N,固定资产报废损失,440000000.00000006,91
600711,2021,annual,cash_flow,F133N,递延所得税负债增加,-450000000.0,95
600711,2021,annual,cash_flow,F134N,存货的减少,386000000.0,96
600711,2021,annual,cash_flow,F136N,经营性应付项目的增加,-120000000.0,98
600711,2020,annual,cash_flow,F123N,净利润,473000000.00000006,85
600711,2020,annual,cash_flow,F124N,资产减值准备,599000000.0,86
600711,2020,annual,cash_flow,F127N,长期待摊费用摊销,214000000.0,89
600711,2020,annual,cash_flow,F129N,固定资产报废损失,282000000.0,91
600711,2020,annual,cash_flow,F134N,存货的减少,302000000.0,96
600711,2020,annual,cash_flow,F135N,经营性应收项目的减少,254000000.0,97
600711,2020,annual,cash_flow,F136N,经营性应付项目的增加,-147000000.0,98
