stock_code,year,period,statement_type,field_code,field_name,value,display_order
600717,2022,annual,cash_flow,F123N,净利润,4772000000.0,85
600717,2022,annual,cash_flow,F124N,资产减值准备,4336000000.0,86
600717,2022,annual,cash_flow,F127N,长期待摊费用摊销,1151000000.0,89
600717,2022,annual,cash_flow,F129N,固定资产报废损失,1067000000.0,91
600717,2022,annual,cash_flow,F130N,公允价值变动损失,188000000.0,92
600717,2022,annual,cash_flow,F133N,递延所得税负债增加,265000000.0,95
600717,2022,annual,cash_flow,F134N,存货的减少,-483000000.0,96
600717,2021,annual,cash_flow,F123N,净利润,4621000000.0,85
600717,2021,annual,cash_flow,F124N,资产减值准备,4772000000.0,86
600717,2021,annual,cash_flow,F127N,长期待摊费用摊销,1378000000.0,89
600717,2021,annual,cash_flow,F129N,固定资产报废损失,1180000000.0,91
600717,2021,annual,cash_flow,F130N,公允价值变动损失,191000000.0,92
600717,2021,annual,cash_flow,F133N,递延所得税负债增加,397000000.0,95
600717,2021,annual,cash_flow,F134N,存货的减少,-686000000.0,96
600717,2021,annual,cash_flow,F137N,其他,123000000.0,99
600717,2020,annual,cash_flow,F123N,净利润,4348000000.0,85
600717,2020,annual,cash_flow,F124N,资产减值准备,4621000000.0,86
600717,2020,annual,cash_flow,F127N,长期待摊费用摊销,1127000000.0,89
600717,2020,annual,cash_flow,F129N,固定资产报废损失,1022000000.0000001,91
600717,2020,annual,cash_flow,F130N,公允价值变动损失,186000000.0,92
600717,2020,annual,cash_flow,F133N,递延所得税负债增加,415000000.00000006,95
600717,2020,annual,cash_flow,F134N,存货的减少,-378000000.0,96
