stock_code,year,period,statement_type,field_code,field_name,value,display_order
600707,2022,annual,cash_flow,F123N,净利润,8379000000.000001,85
600707,2022,annual,cash_flow,F124N,资产减值准备,7829000000.000001,86
600707,2022,annual,cash_flow,F127N,长期待摊费用摊销,-2662000000.0,89
600707,2022,annual,cash_flow,F129N,固定资产报废损失,2696000000.0,91
600707,2022,annual,cash_flow,F130N,公允价值变动损失,210000000.0,92
600707,2022,annual,cash_flow,F133N,递延所得税负债增加,615000000.0,95
600707,2022,annual,cash_flow,F137N,其他,511000000.00000006,99
600707,2021,annual,cash_flow,F123N,净利润,6303000000.0,85
600707,2021,annual,cash_flow,F124N,资产减值准备,8379000000.000001,86
600707,2021,annual,cash_flow,F127N,长期待摊费用摊销,2675000000.0,89
600707,2021,annual,cash_flow,F129N,固定资产报废损失,2344000000.0,91
600707,2021,annual,cash_flow,F130N,公允价值变动损失,209000000.0,92
600707,2021,annual,cash_flow,F133N,递延所得税负债增加,651000000.0,95
600707,2021,annual,cash_flow,F137N,其他,-865000000.0,99
600707,2020,annual,cash_flow,F123N,净利润,5424000000.0,85
600707,2020,annual,cash_flow,F124N,资产减值准备,6303000000.0,86
600707,2020,annual,cash_flow,F127N,长期待摊费用摊销,-917000000.0,89
600707,2020,annual,cash_flow,F128N,处置固定资产损失,1051000000.0,90
600707,2020,annual,cash_flow,F129N,固定资产报废损失,1926000000.0000002,91
600707,2020,annual,cash_flow,F130N,公允价值变动损失,193000000.0,92
600707,2020,annual,cash_flow,F133N,递延所得税负债增加,715000000.0,95
600707,2020,annual,cash_flow,F137N,其他,216000000.0,99
