stock_code,year,period,statement_type,field_code,field_name,value,display_order
600729,2022,annual,cash_flow,F123N,净利润,905000000.0000001,85
600729,2022,annual,cash_flow,F124N,资产减值准备,309000000.0,86
600729,2022,annual,cash_flow,F125N,固定资产折旧,705000000.0,87
600729,2022,annual,cash_flow,F131N,投资损失,-596000000.0,93
600729,2022,annual,cash_flow,F135N,经营性应收项目的减少,-353000000.0,97
600729,2022,annual,cash_flow,F136N,经营性应付项目的增加,-480000000.0,98
600729,2021,annual,cash_flow,F123N,净利润,986999999.9999999,85
600729,2021,annual,cash_flow,F124N,资产减值准备,280000000.0,86
600729,2021,annual,cash_flow,F125N,固定资产折旧,655000000.0,87
600729,2021,annual,cash_flow,F131N,投资损失,-438000000.0,93
600729,2021,annual,cash_flow,F135N,经营性应收项目的减少,373000000.0,97
600729,2021,annual,cash_flow,F136N,经营性应付项目的增加,-949000000.0,98
600729,2020,annual,cash_flow,F123N,净利润,1067000000.0,85
600729,2020,annual,cash_flow,F124N,资产减值准备,389000000.0,86
600729,2020,annual,cash_flow,F125N,固定资产折旧,224000000.00000003,87
600729,2020,annual,cash_flow,F128N,处置固定资产损失,-384000000.0,90
600729,2020,annual,cash_flow,F131N,投资损失,-153000000.0,93
600729,2020,annual,cash_flow,F134N,存货的减少,-283000000.0,96
600729,2020,annual,cash_flow,F135N,经营性应收项目的减少,430999999.99999994,97
600729,2020,annual,cash_flow,F136N,经营性应付项目的增加,-111000000.00000001,98
