stock_code,year,period,statement_type,field_code,field_name,value,display_order
600751,2022,annual,cash_flow,F123N,净利润,6325000000.0,85
600751,2022,annual,cash_flow,F126N,无形资产摊销,194000000.0,88
600751,2022,annual,cash_flow,F134N,存货的减少,-147000000.0,96
600751,2021,annual,cash_flow,F123N,净利润,7709999999.999999,85
600751,2021,annual,cash_flow,F126N,无形资产摊销,3697000000.0,88
600751,2021,annual,cash_flow,F127N,长期待摊费用摊销,334000000.0,89
600751,2021,annual,cash_flow,F128N,处置固定资产损失,1015000000.0,90
600751,2021,annual,cash_flow,F129N,固定资产报废损失,327000000.0,91
600751,2021,annual,cash_flow,F132N,递延所得税资产减少,-256000000.0,94
600751,2021,annual,cash_flow,F133N,递延所得税负债增加,934000000.0,95
600751,2021,annual,cash_flow,F134N,存货的减少,-355000000.0,96
600751,2021,annual,cash_flow,F137N,其他,-1407000000.0,99
600751,2020,annual,cash_flow,F123N,净利润,10401000000.0,85
600751,2020,annual,cash_flow,F126N,无形资产摊销,-11804000000.0,88
600751,2020,annual,cash_flow,F127N,长期待摊费用摊销,8999000000.0,89
600751,2020,annual,cash_flow,F128N,处置固定资产损失,913000000.0000001,90
600751,2020,annual,cash_flow,F129N,固定资产报废损失,693000000.0,91
600751,2020,annual,cash_flow,F132N,递延所得税资产减少,1132000000.0,94
600751,2020,annual,cash_flow,F133N,递延所得税负债增加,1875000000.0,95
600751,2020,annual,cash_flow,F134N,存货的减少,160000000.0,96
600751,2020,annual,cash_flow,F137N,其他,-1001000000.0,99
