stock_code,year,period,statement_type,field_code,field_name,value,display_order
600750,2022,annual,cash_flow,F123N,净利润,646000000.0,85
600750,2022,annual,cash_flow,F125N,固定资产折旧,106000000.0,87
600750,2022,annual,cash_flow,F136N,经营性应付项目的增加,310000000.0,98
600750,2021,annual,cash_flow,F123N,净利润,530999999.99999994,85
600750,2021,annual,cash_flow,F125N,固定资产折旧,100000000.0,87
600750,2021,annual,cash_flow,F135N,经营性应收项目的减少,160000000.0,97
600750,2021,annual,cash_flow,F136N,经营性应付项目的增加,200999999.99999997,98
600750,2020,annual,cash_flow,F123N,净利润,490000000.00000006,85
600750,2020,annual,cash_flow,F135N,经营性应收项目的减少,241000000.0,97
