stock_code,year,period,statement_type,field_code,field_name,value,display_order
600713,2022,annual,cash_flow,F123N,净利润,1893000000.0,85
600713,2022,annual,cash_flow,F124N,资产减值准备,1618000000.0,86
600713,2022,annual,cash_flow,F127N,长期待摊费用摊销,716000000.0,89
600713,2022,annual,cash_flow,F129N,固定资产报废损失,227000000.0,91
600713,2022,annual,cash_flow,F134N,存货的减少,335000000.0,96
600713,2021,annual,cash_flow,F123N,净利润,1391000000.0,85
600713,2021,annual,cash_flow,F124N,资产减值准备,1893000000.0,86
600713,2021,annual,cash_flow,F127N,长期待摊费用摊销,611000000.0,89
600713,2021,annual,cash_flow,F129N,固定资产报废损失,213000000.0,91
600713,2021,annual,cash_flow,F134N,存货的减少,380000000.0,96
600713,2020,annual,cash_flow,F123N,净利润,2010000000.0000002,85
600713,2020,annual,cash_flow,F124N,资产减值准备,1391000000.0,86
600713,2020,annual,cash_flow,F127N,长期待摊费用摊销,470000000.0,89
600713,2020,annual,cash_flow,F129N,固定资产报废损失,113999999.99999999,91
600713,2020,annual,cash_flow,F134N,存货的减少,316000000.0,96
