stock_code,year,period,statement_type,field_code,field_name,value,display_order
600866,2022,annual,cash_flow,F123N,净利润,1183000000.0,85
600866,2022,annual,cash_flow,F125N,固定资产折旧,952000000.0,87
600866,2022,annual,cash_flow,F134N,存货的减少,-877999999.9999999,96
600866,2022,annual,cash_flow,F135N,经营性应收项目的减少,296000000.0,97
600866,2022,annual,cash_flow,F136N,经营性应付项目的增加,-243000000.00000003,98
600866,2021,annual,cash_flow,F123N,净利润,249000000.00000003,85
600866,2021,annual,cash_flow,F135N,经营性应收项目的减少,112999999.99999999,97
600866,2021,annual,cash_flow,F136N,经营性应付项目的增加,-261000000.0,98
600866,2020,annual,cash_flow,F123N,净利润,149000000.0,85
