stock_code,year,period,statement_type,field_code,field_name,value,display_order
600822,2022,annual,cash_flow,F123N,净利润,366000000.0,85
600822,2022,annual,cash_flow,F137N,其他,-1698999999.9999998,99
600822,2021,annual,cash_flow,F123N,净利润,667000000.0,85
600822,2021,annual,cash_flow,F126N,无形资产摊销,149000000.0,88
600822,2021,annual,cash_flow,F133N,递延所得税负债增加,-143000000.0,95
600822,2021,annual,cash_flow,F136N,经营性应付项目的增加,111000000.00000001,98
600822,2020,annual,cash_flow,F123N,净利润,636000000.0,85
600822,2020,annual,cash_flow,F126N,无形资产摊销,123000000.0,88
600822,2020,annual,cash_flow,F137N,其他,-354000000.0,99
