stock_code,year,period,statement_type,field_code,field_name,value,display_order
600823,2022,annual,cash_flow,F123N,净利润,8554000000.000001,85
600823,2022,annual,cash_flow,F124N,资产减值准备,3213000000.0000005,86
600823,2022,annual,cash_flow,F127N,长期待摊费用摊销,-7300000000.0,89
600823,2022,annual,cash_flow,F128N,处置固定资产损失,4829000000.0,90
600823,2022,annual,cash_flow,F129N,固定资产报废损失,152000000.0,91
600823,2022,annual,cash_flow,F133N,递延所得税负债增加,1069000000.0,95
600823,2022,annual,cash_flow,F134N,存货的减少,899000000.0,96
600823,2022,annual,cash_flow,F135N,经营性应收项目的减少,160000000.0,97
600823,2022,annual,cash_flow,F136N,经营性应付项目的增加,-873000000.0,98
600823,2022,annual,cash_flow,F137N,其他,-161000000.0,99
600823,2021,annual,cash_flow,F123N,净利润,12440000000.0,85
600823,2021,annual,cash_flow,F124N,资产减值准备,8554000000.000001,86
600823,2021,annual,cash_flow,F127N,长期待摊费用摊销,2135000000.0000002,89
600823,2021,annual,cash_flow,F128N,处置固定资产损失,466000000.0,90
600823,2021,annual,cash_flow,F129N,固定资产报废损失,166000000.0,91
600823,2021,annual,cash_flow,F133N,递延所得税负债增加,168000000.0,95
600823,2021,annual,cash_flow,F134N,存货的减少,398000000.0,96
600823,2021,annual,cash_flow,F136N,经营性应付项目的增加,206000000.0,98
600823,2020,annual,cash_flow,F123N,净利润,12092000000.0,85
600823,2020,annual,cash_flow,F124N,资产减值准备,12440000000.0,86
600823,2020,annual,cash_flow,F127N,长期待摊费用摊销,3249000000.0,89
600823,2020,annual,cash_flow,F134N,存货的减少,289000000.0,96
600823,2020,annual,cash_flow,F137N,其他,211000000.0,99
