stock_code,year,period,statement_type,field_code,field_name,value,display_order
600919,2022,annual,cash_flow,F123N,净利润,26352000000.0,85
600919,2022,annual,cash_flow,F125N,固定资产折旧,1336000000.0,87
600919,2022,annual,cash_flow,F130N,公允价值变动损失,-148000000.0,92
600919,2022,annual,cash_flow,F131N,投资损失,-11916000000.0,93
600919,2022,annual,cash_flow,F132N,递延所得税资产减少,-1722000000.0,94
600919,2022,annual,cash_flow,F135N,经营性应收项目的减少,-307542000000.0,97
600919,2022,annual,cash_flow,F136N,经营性应付项目的增加,283100000000.0,98
600919,2021,annual,cash_flow,F123N,净利润,20409000000.0,85
600919,2021,annual,cash_flow,F125N,固定资产折旧,1163000000.0,87
600919,2021,annual,cash_flow,F128N,处置固定资产损失,-129000000.0,90
600919,2021,annual,cash_flow,F130N,公允价值变动损失,-1307000000.0,92
600919,2021,annual,cash_flow,F131N,投资损失,-7481000000.0,93
600919,2021,annual,cash_flow,F132N,递延所得税资产减少,-1798999999.9999998,94
600919,2021,annual,cash_flow,F135N,经营性应收项目的减少,-199162000000.0,97
600919,2021,annual,cash_flow,F136N,经营性应付项目的增加,244484000000.0,98
600919,2020,annual,cash_flow,F123N,净利润,15619999999.999998,85
600919,2020,annual,cash_flow,F125N,固定资产折旧,727000000.0,87
600919,2020,annual,cash_flow,F128N,处置固定资产损失,-254999999.99999997,90
600919,2020,annual,cash_flow,F130N,公允价值变动损失,-513999999.99999994,92
600919,2020,annual,cash_flow,F132N,递延所得税资产减少,-5169000000.0,94
600919,2020,annual,cash_flow,F135N,经营性应收项目的减少,-211748000000.0,97
600919,2020,annual,cash_flow,F136N,经营性应付项目的增加,172642000000.0,98
