stock_code,year,period,statement_type,field_code,field_name,value,display_order
600990,2022,annual,cash_flow,F123N,净利润,484000000.0,85
600990,2022,annual,cash_flow,F137N,其他,103000000.0,99
600990,2021,annual,cash_flow,F123N,净利润,819999999.9999999,85
600990,2021,annual,cash_flow,F126N,无形资产摊销,189000000.0,88
600990,2021,annual,cash_flow,F136N,经营性应付项目的增加,-283000000.0,98
600990,2021,annual,cash_flow,F137N,其他,341000000.0,99
600990,2020,annual,cash_flow,F123N,净利润,1128000000.0,85
600990,2020,annual,cash_flow,F126N,无形资产摊销,174000000.0,88
600990,2020,annual,cash_flow,F136N,经营性应付项目的增加,325000000.0,98
600990,2020,annual,cash_flow,F137N,其他,-1019999999.9999999,99
