stock_code,year,period,statement_type,field_code,field_name,value,display_order
600975,2022,annual,cash_flow,F125N,固定资产折旧,577000000.0,87
600975,2022,annual,cash_flow,F134N,存货的减少,-947000000.0000001,96
600975,2022,annual,cash_flow,F136N,经营性应付项目的增加,241000000.0,98
600975,2021,annual,cash_flow,F123N,净利润,-319000000.0,85
600975,2021,annual,cash_flow,F124N,资产减值准备,152000000.0,86
600975,2021,annual,cash_flow,F125N,固定资产折旧,308000000.0,87
600975,2021,annual,cash_flow,F134N,存货的减少,-752000000.0,96
600975,2020,annual,cash_flow,F123N,净利润,283000000.0,85
600975,2020,annual,cash_flow,F134N,存货的减少,-202999999.99999997,96
