stock_code,year,period,statement_type,field_code,field_name,value,display_order
600905,2022,annual,cash_flow,F123N,净利润,8344000000.0,85
600905,2022,annual,cash_flow,F124N,资产减值准备,486000000.00000006,86
600905,2022,annual,cash_flow,F125N,固定资产折旧,7975000000.0,87
600905,2022,annual,cash_flow,F126N,无形资产摊销,214000000.0,88
600905,2022,annual,cash_flow,F129N,固定资产报废损失,121000000.0,91
600905,2022,annual,cash_flow,F131N,投资损失,-1361000000.0,93
600905,2022,annual,cash_flow,F132N,递延所得税资产减少,-125000000.0,94
600905,2022,annual,cash_flow,F135N,经营性应收项目的减少,-7145000000.0,97
600905,2022,annual,cash_flow,F136N,经营性应付项目的增加,3997000000.0,98
600905,2021,annual,cash_flow,F123N,净利润,6958000000.0,85
600905,2021,annual,cash_flow,F125N,固定资产折旧,5327000000.0,87
600905,2021,annual,cash_flow,F131N,投资损失,-1782999999.9999998,93
600905,2021,annual,cash_flow,F135N,经营性应收项目的减少,-5871000000.0,97
600905,2021,annual,cash_flow,F136N,经营性应付项目的增加,1155000000.0,98
600905,2020,annual,cash_flow,F123N,净利润,3940999999.9999995,85
600905,2020,annual,cash_flow,F125N,固定资产折旧,3907000000.0,87
600905,2020,annual,cash_flow,F131N,投资损失,-508000000.0,93
600905,2020,annual,cash_flow,F135N,经营性应收项目的减少,-1929000000.0,97
600905,2020,annual,cash_flow,F136N,经营性应付项目的增加,1285000000.0,98
