stock_code,year,period,statement_type,field_code,field_name,value,display_order
600927,2022,annual,cash_flow,F123N,净利润,672000000.0,85
600927,2022,annual,cash_flow,F124N,资产减值准备,621000000.0,86
600927,2022,annual,cash_flow,F134N,存货的减少,105000000.0,96
600927,2022,annual,cash_flow,F135N,经营性应收项目的减少,-7856000000.0,97
600927,2022,annual,cash_flow,F136N,经营性应付项目的增加,6390000000.0,98
600927,2021,annual,cash_flow,F123N,净利润,1307000000.0,85
600927,2021,annual,cash_flow,F124N,资产减值准备,513999999.99999994,86
600927,2021,annual,cash_flow,F128N,处置固定资产损失,-3300.0,90
600927,2021,annual,cash_flow,F130N,公允价值变动损失,227000000.0,92
600927,2021,annual,cash_flow,F131N,投资损失,-309000000.0,93
600927,2021,annual,cash_flow,F134N,存货的减少,-455999999.99999994,96
600927,2021,annual,cash_flow,F135N,经营性应收项目的减少,-3634000000.0000005,97
600927,2021,annual,cash_flow,F136N,经营性应付项目的增加,12263000000.0,98
600927,2020,annual,cash_flow,F123N,净利润,1146000000.0,85
600927,2020,annual,cash_flow,F124N,资产减值准备,499000000.0,86
600927,2020,annual,cash_flow,F130N,公允价值变动损失,-195000000.0,92
600927,2020,annual,cash_flow,F131N,投资损失,-246000000.0,93
600927,2020,annual,cash_flow,F133N,递延所得税负债增加,101000000.0,95
600927,2020,annual,cash_flow,F134N,存货的减少,-419000000.00000006,96
600927,2020,annual,cash_flow,F135N,经营性应收项目的减少,-1138000000.0,97
600927,2020,annual,cash_flow,F136N,经营性应付项目的增加,4751000000.0,98
