stock_code,year,period,statement_type,field_code,field_name,value,display_order
601069,2022,annual,cash_flow,F125N,固定资产折旧,243000000.00000003,87
601069,2022,annual,cash_flow,F127N,长期待摊费用摊销,225999999.99999997,89
601069,2022,annual,cash_flow,F128N,处置固定资产损失,135000000.0,90
601069,2022,annual,cash_flow,F137N,其他,-346000000.0,99
601069,2021,annual,cash_flow,F125N,固定资产折旧,530000000.0,87
601069,2021,annual,cash_flow,F127N,长期待摊费用摊销,225000000.0,89
601069,2021,annual,cash_flow,F128N,处置固定资产损失,144000000.0,90
601069,2021,annual,cash_flow,F130N,公允价值变动损失,7000.0,92
601069,2021,annual,cash_flow,F137N,其他,-336000000.0,99
601069,2020,annual,cash_flow,F127N,长期待摊费用摊销,123000000.0,89
601069,2020,annual,cash_flow,F136N,经营性应付项目的增加,104000000.0,98
601069,2020,annual,cash_flow,F137N,其他,101000000.0,99
