stock_code,year,period,statement_type,field_code,field_name,value,display_order
601068,2022,annual,cash_flow,F123N,净利润,6745999999.999999,85
601068,2022,annual,cash_flow,F124N,资产减值准备,6856999999.999999,86
601068,2022,annual,cash_flow,F127N,长期待摊费用摊销,204999999.99999997,89
601068,2022,annual,cash_flow,F129N,固定资产报废损失,194000000.0,91
601068,2022,annual,cash_flow,F134N,存货的减少,466000000.0,96
601068,2022,annual,cash_flow,F135N,经营性应收项目的减少,-163000000.0,97
601068,2021,annual,cash_flow,F123N,净利润,6756000000.0,85
601068,2021,annual,cash_flow,F124N,资产减值准备,6745999999.999999,86
601068,2021,annual,cash_flow,F127N,长期待摊费用摊销,-1042000000.0,89
601068,2021,annual,cash_flow,F128N,处置固定资产损失,329000000.0,90
601068,2021,annual,cash_flow,F129N,固定资产报废损失,202000000.0,91
601068,2021,annual,cash_flow,F134N,存货的减少,382000000.0,96
601068,2020,annual,cash_flow,F123N,净利润,9120000000.0,85
601068,2020,annual,cash_flow,F124N,资产减值准备,6550000000.0,86
601068,2020,annual,cash_flow,F127N,长期待摊费用摊销,-1855999999.9999998,89
601068,2020,annual,cash_flow,F128N,处置固定资产损失,567000000.0,90
601068,2020,annual,cash_flow,F129N,固定资产报废损失,185000000.0,91
601068,2020,annual,cash_flow,F134N,存货的减少,557000000.0,96
601068,2020,annual,cash_flow,F136N,经营性应付项目的增加,-124000000.0,98
