stock_code,year,period,statement_type,field_code,field_name,value,display_order
601168,2022,annual,cash_flow,F123N,净利润,5032000000.0,85
601168,2022,annual,cash_flow,F124N,资产减值准备,220000000.00000003,86
601168,2022,annual,cash_flow,F125N,固定资产折旧,1528000000.0,87
601168,2022,annual,cash_flow,F126N,无形资产摊销,302000000.0,88
601168,2022,annual,cash_flow,F127N,长期待摊费用摊销,125000000.0,89
601168,2022,annual,cash_flow,F130N,公允价值变动损失,-119000000.0,92
601168,2022,annual,cash_flow,F131N,投资损失,-652000000.0,93
601168,2022,annual,cash_flow,F134N,存货的减少,-318000000.0,96
601168,2022,annual,cash_flow,F135N,经营性应收项目的减少,770000000.0,97
601168,2022,annual,cash_flow,F136N,经营性应付项目的增加,2715000000.0,98
601168,2021,annual,cash_flow,F123N,净利润,4557000000.0,85
601168,2021,annual,cash_flow,F125N,固定资产折旧,1645000000.0,87
601168,2021,annual,cash_flow,F126N,无形资产摊销,297000000.0,88
601168,2021,annual,cash_flow,F127N,长期待摊费用摊销,113999999.99999999,89
601168,2021,annual,cash_flow,F131N,投资损失,189000000.0,93
601168,2021,annual,cash_flow,F136N,经营性应付项目的增加,328000000.0,98
601168,2020,annual,cash_flow,F123N,净利润,1344000000.0,85
601168,2020,annual,cash_flow,F125N,固定资产折旧,989000000.0,87
601168,2020,annual,cash_flow,F126N,无形资产摊销,259000000.0,88
601168,2020,annual,cash_flow,F131N,投资损失,296000000.0,93
601168,2020,annual,cash_flow,F134N,存货的减少,353000000.0,96
601168,2020,annual,cash_flow,F136N,经营性应付项目的增加,-851000000.0,98
