stock_code,year,period,statement_type,field_code,field_name,value,display_order
601117,2022,annual,cash_flow,F123N,净利润,5778000000.0,85
601117,2022,annual,cash_flow,F125N,固定资产折旧,1127000000.0,87
601117,2022,annual,cash_flow,F126N,无形资产摊销,241000000.0,88
601117,2022,annual,cash_flow,F131N,投资损失,130000000.0,93
601117,2022,annual,cash_flow,F132N,递延所得税资产减少,-177000000.0,94
601117,2022,annual,cash_flow,F134N,存货的减少,-910000000.0,96
601117,2022,annual,cash_flow,F135N,经营性应收项目的减少,-13802000000.000002,97
601117,2022,annual,cash_flow,F136N,经营性应付项目的增加,8663000000.0,98
601117,2021,annual,cash_flow,F123N,净利润,5004000000.0,85
601117,2021,annual,cash_flow,F124N,资产减值准备,294000000.0,86
601117,2021,annual,cash_flow,F125N,固定资产折旧,934000000.0,87
601117,2021,annual,cash_flow,F126N,无形资产摊销,250000000.0,88
601117,2021,annual,cash_flow,F130N,公允价值变动损失,-726000000.0,92
601117,2021,annual,cash_flow,F133N,递延所得税负债增加,115999999.99999999,95
601117,2021,annual,cash_flow,F134N,存货的减少,-1018000000.0,96
601117,2021,annual,cash_flow,F135N,经营性应收项目的减少,-23685000000.0,97
601117,2021,annual,cash_flow,F136N,经营性应付项目的增加,20440000000.0,98
601117,2020,annual,cash_flow,F123N,净利润,3842000000.0,85
601117,2020,annual,cash_flow,F125N,固定资产折旧,1019999999.9999999,87
601117,2020,annual,cash_flow,F126N,无形资产摊销,114999999.99999999,88
601117,2020,annual,cash_flow,F128N,处置固定资产损失,-102000000.0,90
601117,2020,annual,cash_flow,F134N,存货的减少,10376000000.0,96
601117,2020,annual,cash_flow,F135N,经营性应收项目的减少,-25372000000.0,97
601117,2020,annual,cash_flow,F136N,经营性应付项目的增加,16678000000.0,98
