stock_code,year,period,statement_type,field_code,field_name,value,display_order
601238,2022,annual,cash_flow,F123N,净利润,22340000000.0,85
601238,2022,annual,cash_flow,F124N,资产减值准备,37479000000.0,86
601238,2022,annual,cash_flow,F127N,长期待摊费用摊销,7990000000.000001,89
601238,2022,annual,cash_flow,F128N,处置固定资产损失,3023000000.0,90
601238,2022,annual,cash_flow,F129N,固定资产报废损失,2877000000.0,91
601238,2022,annual,cash_flow,F130N,公允价值变动损失,3719000000.0,92
601238,2022,annual,cash_flow,F133N,递延所得税负债增加,319000000.0,95
601238,2022,annual,cash_flow,F134N,存货的减少,328000000.0,96
601238,2022,annual,cash_flow,F135N,经营性应收项目的减少,-14316999999.999998,97
601238,2022,annual,cash_flow,F136N,经营性应付项目的增加,-844000000.0,98
601238,2021,annual,cash_flow,F123N,净利润,26291000000.000004,85
601238,2021,annual,cash_flow,F124N,资产减值准备,22340000000.0,86
601238,2021,annual,cash_flow,F127N,长期待摊费用摊销,7391000000.0,89
601238,2021,annual,cash_flow,F128N,处置固定资产损失,689000000.0,90
601238,2021,annual,cash_flow,F129N,固定资产报废损失,2658000000.0,91
601238,2021,annual,cash_flow,F130N,公允价值变动损失,2966000000.0,92
601238,2021,annual,cash_flow,F134N,存货的减少,444000000.00000006,96
601238,2021,annual,cash_flow,F135N,经营性应收项目的减少,-11814000000.0,97
601238,2021,annual,cash_flow,F136N,经营性应付项目的增加,-710000000.0,98
601238,2020,annual,cash_flow,F123N,净利润,30564999999.999996,85
601238,2020,annual,cash_flow,F124N,资产减值准备,26291000000.000004,86
601238,2020,annual,cash_flow,F127N,长期待摊费用摊销,6051000000.0,89
601238,2020,annual,cash_flow,F128N,处置固定资产损失,715000000.0,90
601238,2020,annual,cash_flow,F129N,固定资产报废损失,2529000000.0,91
601238,2020,annual,cash_flow,F130N,公允价值变动损失,2493000000.0,92
601238,2020,annual,cash_flow,F133N,递延所得税负债增加,-293000000.0,95
601238,2020,annual,cash_flow,F134N,存货的减少,424000000.0,96
601238,2020,annual,cash_flow,F135N,经营性应收项目的减少,-9911000000.0,97
601238,2020,annual,cash_flow,F136N,经营性应付项目的增加,-418000000.0,98
