stock_code,year,period,statement_type,field_code,field_name,value,display_order
601233,2022,annual,cash_flow,F123N,净利润,8909000000.0,85
601233,2022,annual,cash_flow,F124N,资产减值准备,6523999999.999999,86
601233,2022,annual,cash_flow,F127N,长期待摊费用摊销,127000000.0,89
601233,2022,annual,cash_flow,F128N,处置固定资产损失,174000000.0,90
601233,2022,annual,cash_flow,F129N,固定资产报废损失,2641000000.0,91
601233,2022,annual,cash_flow,F134N,存货的减少,693000000.0,96
601233,2022,annual,cash_flow,F135N,经营性应收项目的减少,-1232000000.0,97
601233,2022,annual,cash_flow,F136N,经营性应付项目的增加,-571000000.0,98
601233,2021,annual,cash_flow,F123N,净利润,6096000000.0,85
601233,2021,annual,cash_flow,F124N,资产减值准备,8909000000.0,86
601233,2021,annual,cash_flow,F127N,长期待摊费用摊销,7484999999.999999,89
601233,2021,annual,cash_flow,F129N,固定资产报废损失,2320000000.0,91
601233,2021,annual,cash_flow,F134N,存货的减少,562000000.0,96
601233,2021,annual,cash_flow,F135N,经营性应收项目的减少,-4584000000.0,97
601233,2021,annual,cash_flow,F136N,经营性应付项目的增加,111000000.00000001,98
601233,2020,annual,cash_flow,F123N,净利润,4580000000.0,85
601233,2020,annual,cash_flow,F124N,资产减值准备,6096000000.0,86
601233,2020,annual,cash_flow,F127N,长期待摊费用摊销,2847000000.0,89
601233,2020,annual,cash_flow,F129N,固定资产报废损失,1997000000.0,91
601233,2020,annual,cash_flow,F134N,存货的减少,521000000.0,96
601233,2020,annual,cash_flow,F135N,经营性应收项目的减少,-2173000000.0,97
601233,2020,annual,cash_flow,F136N,经营性应付项目的增加,-189000000.0,98
