stock_code,year,period,statement_type,field_code,field_name,value,display_order
601298,2022,annual,cash_flow,F123N,净利润,5250000000.0,85
601298,2022,annual,cash_flow,F125N,固定资产折旧,1204000000.0,87
601298,2022,annual,cash_flow,F131N,投资损失,-1436000000.0,93
601298,2022,annual,cash_flow,F135N,经营性应收项目的减少,254000000.0,97
601298,2022,annual,cash_flow,F136N,经营性应付项目的增加,1006000000.0,98
601298,2021,annual,cash_flow,F123N,净利润,4666000000.0,85
601298,2021,annual,cash_flow,F125N,固定资产折旧,1046000000.0000001,87
601298,2021,annual,cash_flow,F126N,无形资产摊销,101000000.0,88
601298,2021,annual,cash_flow,F131N,投资损失,-1436000000.0,93
601298,2021,annual,cash_flow,F135N,经营性应收项目的减少,-3079000000.0,97
601298,2021,annual,cash_flow,F136N,经营性应付项目的增加,1829000000.0,98
601298,2020,annual,cash_flow,F123N,净利润,4420000000.0,85
601298,2020,annual,cash_flow,F125N,固定资产折旧,844999999.9999999,87
601298,2020,annual,cash_flow,F131N,投资损失,-1552000000.0,93
601298,2020,annual,cash_flow,F136N,经营性应付项目的增加,-308000000.0,98
