stock_code,year,period,statement_type,field_code,field_name,value,display_order
601598,2022,annual,cash_flow,F123N,净利润,14308000000.000002,85
601598,2022,annual,cash_flow,F124N,资产减值准备,16406000000.0,86
601598,2022,annual,cash_flow,F127N,长期待摊费用摊销,4276000000.0,89
601598,2022,annual,cash_flow,F128N,处置固定资产损失,115999999.99999999,90
601598,2022,annual,cash_flow,F129N,固定资产报废损失,2004000000.0,91
601598,2022,annual,cash_flow,F130N,公允价值变动损失,323000000.0,92
601598,2022,annual,cash_flow,F131N,投资损失,-196000000.0,93
601598,2022,annual,cash_flow,F133N,递延所得税负债增加,105000000.0,95
601598,2022,annual,cash_flow,F135N,经营性应收项目的减少,-2579000000.0,97
601598,2021,annual,cash_flow,F123N,净利润,11294000000.0,85
601598,2021,annual,cash_flow,F124N,资产减值准备,14211000000.000002,86
601598,2021,annual,cash_flow,F127N,长期待摊费用摊销,3933000000.0,89
601598,2021,annual,cash_flow,F128N,处置固定资产损失,227000000.0,90
601598,2021,annual,cash_flow,F129N,固定资产报废损失,1823999999.9999998,91
601598,2021,annual,cash_flow,F130N,公允价值变动损失,278000000.0,92
601598,2021,annual,cash_flow,F131N,投资损失,-117000000.0,93
601598,2021,annual,cash_flow,F134N,存货的减少,528000000.0,96
601598,2021,annual,cash_flow,F135N,经营性应收项目的减少,-2508000000.0,97
601598,2020,annual,cash_flow,F123N,净利润,10390000000.0,85
601598,2020,annual,cash_flow,F124N,资产减值准备,11292000000.0,86
601598,2020,annual,cash_flow,F127N,长期待摊费用摊销,2873000000.0,89
601598,2020,annual,cash_flow,F129N,固定资产报废损失,1763000000.0,91
601598,2020,annual,cash_flow,F130N,公允价值变动损失,256000000.0,92
601598,2020,annual,cash_flow,F134N,存货的减少,620000000.0,96
601598,2020,annual,cash_flow,F135N,经营性应收项目的减少,-1573000000.0,97
