stock_code,year,period,statement_type,field_code,field_name,value,display_order
601595,2022,annual,cash_flow,F123N,净利润,851000000.0,85
601595,2022,annual,cash_flow,F126N,无形资产摊销,-334000000.0,88
601595,2022,annual,cash_flow,F127N,长期待摊费用摊销,222000000.00000003,89
601595,2022,annual,cash_flow,F128N,处置固定资产损失,121000000.0,90
601595,2021,annual,cash_flow,F123N,净利润,567000000.0,85
601595,2021,annual,cash_flow,F128N,处置固定资产损失,154000000.0,90
601595,2020,annual,cash_flow,F123N,净利润,1149000000.0,85
601595,2020,annual,cash_flow,F126N,无形资产摊销,-473000000.00000006,88
601595,2020,annual,cash_flow,F127N,长期待摊费用摊销,167000000.0,89
