stock_code,year,period,statement_type,field_code,field_name,value,display_order
601618,2022,annual,cash_flow,F123N,净利润,12932000000.0,85
601618,2022,annual,cash_flow,F125N,固定资产折旧,2961000000.0,87
601618,2022,annual,cash_flow,F126N,无形资产摊销,897000000.0000001,88
601618,2022,annual,cash_flow,F128N,处置固定资产损失,-303000000.0,90
601618,2022,annual,cash_flow,F130N,公允价值变动损失,318000000.0,92
601618,2022,annual,cash_flow,F132N,递延所得税资产减少,-186000000.0,94
601618,2022,annual,cash_flow,F133N,递延所得税负债增加,-173000000.0,95
601618,2022,annual,cash_flow,F134N,存货的减少,12405000000.0,96
601618,2022,annual,cash_flow,F135N,经营性应收项目的减少,-15752000000.000002,97
601618,2022,annual,cash_flow,F136N,经营性应付项目的增加,35740000000.0,98
601618,2021,annual,cash_flow,F123N,净利润,11607000000.0,85
601618,2021,annual,cash_flow,F125N,固定资产折旧,2843000000.0,87
601618,2021,annual,cash_flow,F126N,无形资产摊销,614000000.0,88
601618,2021,annual,cash_flow,F128N,处置固定资产损失,-689000000.0,90
601618,2021,annual,cash_flow,F130N,公允价值变动损失,-178000000.0,92
601618,2021,annual,cash_flow,F131N,投资损失,-156000000.0,93
601618,2021,annual,cash_flow,F132N,递延所得税资产减少,-509999999.99999994,94
601618,2021,annual,cash_flow,F134N,存货的减少,-1362000000.0,96
601618,2021,annual,cash_flow,F135N,经营性应收项目的减少,-17084000000.0,97
601618,2021,annual,cash_flow,F136N,经营性应付项目的增加,22615000000.0,98
601618,2020,annual,cash_flow,F123N,净利润,9382000000.0,85
601618,2020,annual,cash_flow,F125N,固定资产折旧,2997000000.0,87
601618,2020,annual,cash_flow,F126N,无形资产摊销,540000000.0,88
601618,2020,annual,cash_flow,F128N,处置固定资产损失,-233000000.0,90
601618,2020,annual,cash_flow,F131N,投资损失,269000000.0,93
601618,2020,annual,cash_flow,F134N,存货的减少,151000000.0,96
601618,2020,annual,cash_flow,F135N,经营性应收项目的减少,-9616000000.0,97
601618,2020,annual,cash_flow,F136N,经营性应付项目的增加,7672000000.0,98
