stock_code,year,period,statement_type,field_code,field_name,value,display_order
601615,2022,annual,cash_flow,F123N,净利润,3439000000.0,85
601615,2022,annual,cash_flow,F124N,资产减值准备,183000000.0,86
601615,2022,annual,cash_flow,F125N,固定资产折旧,911999999.9999999,87
601615,2022,annual,cash_flow,F131N,投资损失,-704000000.0,93
601615,2022,annual,cash_flow,F133N,递延所得税负债增加,361000000.0,95
601615,2022,annual,cash_flow,F134N,存货的减少,1548000000.0,96
601615,2022,annual,cash_flow,F135N,经营性应收项目的减少,-7739000000.0,97
601615,2022,annual,cash_flow,F136N,经营性应付项目的增加,814000000.0,98
601615,2021,annual,cash_flow,F123N,净利润,3016000000.0,85
601615,2021,annual,cash_flow,F124N,资产减值准备,200999999.99999997,86
601615,2021,annual,cash_flow,F125N,固定资产折旧,772000000.0,87
601615,2021,annual,cash_flow,F131N,投资损失,-918000000.0,93
601615,2021,annual,cash_flow,F132N,递延所得税资产减少,-145000000.0,94
601615,2021,annual,cash_flow,F133N,递延所得税负债增加,319000000.0,95
601615,2021,annual,cash_flow,F134N,存货的减少,-1204000000.0,96
601615,2021,annual,cash_flow,F135N,经营性应收项目的减少,-2551000000.0,97
601615,2021,annual,cash_flow,F136N,经营性应付项目的增加,5260000000.0,98
601615,2020,annual,cash_flow,F123N,净利润,1304000000.0,85
601615,2020,annual,cash_flow,F125N,固定资产折旧,446000000.0,87
601615,2020,annual,cash_flow,F126N,无形资产摊销,115999999.99999999,88
601615,2020,annual,cash_flow,F132N,递延所得税资产减少,-112000000.00000001,94
601615,2020,annual,cash_flow,F133N,递延所得税负债增加,212000000.0,95
601615,2020,annual,cash_flow,F134N,存货的减少,-5654000000.0,96
601615,2020,annual,cash_flow,F135N,经营性应收项目的减少,-278000000.0,97
601615,2020,annual,cash_flow,F136N,经营性应付项目的增加,6952000000.0,98
