stock_code,year,period,statement_type,field_code,field_name,value,display_order
601789,2022,annual,cash_flow,F123N,净利润,366000000.0,85
601789,2022,annual,cash_flow,F125N,固定资产折旧,110000000.00000001,87
601789,2022,annual,cash_flow,F134N,存货的减少,-981000000.0,96
601789,2022,annual,cash_flow,F135N,经营性应收项目的减少,-1451000000.0,97
601789,2022,annual,cash_flow,F136N,经营性应付项目的增加,2706000000.0,98
601789,2021,annual,cash_flow,F123N,净利润,443000000.0,85
601789,2021,annual,cash_flow,F125N,固定资产折旧,110000000.00000001,87
601789,2021,annual,cash_flow,F134N,存货的减少,-298000000.0,96
601789,2021,annual,cash_flow,F135N,经营性应收项目的减少,-1521000000.0,97
601789,2021,annual,cash_flow,F136N,经营性应付项目的增加,256000000.0,98
601789,2020,annual,cash_flow,F123N,净利润,297000000.0,85
601789,2020,annual,cash_flow,F135N,经营性应收项目的减少,104000000.0,97
601789,2020,annual,cash_flow,F136N,经营性应付项目的增加,121000000.0,98
