stock_code,year,period,statement_type,field_code,field_name,value,display_order
601811,2022,annual,cash_flow,F123N,净利润,1391000000.0,85
601811,2022,annual,cash_flow,F125N,固定资产折旧,227000000.0,87
601811,2022,annual,cash_flow,F130N,公允价值变动损失,135000000.0,92
601811,2022,annual,cash_flow,F131N,投资损失,-112000000.00000001,93
601811,2022,annual,cash_flow,F134N,存货的减少,132000000.0,96
601811,2022,annual,cash_flow,F136N,经营性应付项目的增加,125000000.0,98
601811,2021,annual,cash_flow,F123N,净利润,1303000000.0,85
601811,2021,annual,cash_flow,F125N,固定资产折旧,256000000.0,87
601811,2021,annual,cash_flow,F131N,投资损失,-112000000.00000001,93
601811,2021,annual,cash_flow,F134N,存货的减少,-660000000.0,96
601811,2021,annual,cash_flow,F136N,经营性应付项目的增加,1053999999.9999999,98
601811,2020,annual,cash_flow,F123N,净利润,1243000000.0,85
601811,2020,annual,cash_flow,F125N,固定资产折旧,200999999.99999997,87
601811,2020,annual,cash_flow,F130N,公允价值变动损失,-102000000.0,92
601811,2020,annual,cash_flow,F131N,投资损失,-170000000.0,93
601811,2020,annual,cash_flow,F136N,经营性应付项目的增加,462000000.0,98
