stock_code,year,period,statement_type,field_code,field_name,value,display_order
601969,2022,annual,cash_flow,F123N,净利润,699000000.0,85
601969,2022,annual,cash_flow,F125N,固定资产折旧,875000000.0,87
601969,2022,annual,cash_flow,F135N,经营性应收项目的减少,-424000000.0,97
601969,2022,annual,cash_flow,F136N,经营性应付项目的增加,107000000.0,98
601969,2021,annual,cash_flow,F123N,净利润,961999999.9999999,85
601969,2021,annual,cash_flow,F124N,资产减值准备,102000000.0,86
601969,2021,annual,cash_flow,F125N,固定资产折旧,503000000.0,87
601969,2021,annual,cash_flow,F131N,投资损失,-243000000.00000003,93
601969,2021,annual,cash_flow,F132N,递延所得税资产减少,117000000.0,94
601969,2021,annual,cash_flow,F134N,存货的减少,-105000000.0,96
601969,2021,annual,cash_flow,F135N,经营性应收项目的减少,-1060000000.0,97
601969,2021,annual,cash_flow,F136N,经营性应付项目的增加,526000000.0,98
601969,2020,annual,cash_flow,F123N,净利润,113999999.99999999,85
601969,2020,annual,cash_flow,F124N,资产减值准备,149000000.0,86
601969,2020,annual,cash_flow,F125N,固定资产折旧,523000000.00000006,87
601969,2020,annual,cash_flow,F134N,存货的减少,282000000.0,96
601969,2020,annual,cash_flow,F135N,经营性应收项目的减少,-630000000.0,97
601969,2020,annual,cash_flow,F136N,经营性应付项目的增加,-128000000.0,98
