stock_code,year,period,statement_type,field_code,field_name,value,display_order
601975,2022,annual,cash_flow,F123N,净利润,2082999999.9999998,85
601975,2022,annual,cash_flow,F126N,无形资产摊销,1447000000.0,88
601975,2022,annual,cash_flow,F128N,处置固定资产损失,486000000.00000006,90
601975,2022,annual,cash_flow,F130N,公允价值变动损失,162000000.0,92
601975,2022,annual,cash_flow,F137N,其他,-250000000.0,99
601975,2021,annual,cash_flow,F123N,净利润,1180000000.0,85
601975,2021,annual,cash_flow,F126N,无形资产摊销,305000000.0,88
601975,2021,annual,cash_flow,F128N,处置固定资产损失,471000000.0,90
601975,2021,annual,cash_flow,F130N,公允价值变动损失,128000000.0,92
601975,2021,annual,cash_flow,F132N,递延所得税资产减少,122000000.0,94
601975,2020,annual,cash_flow,F123N,净利润,1596000000.0,85
601975,2020,annual,cash_flow,F126N,无形资产摊销,1400000000.0,88
601975,2020,annual,cash_flow,F128N,处置固定资产损失,394000000.0,90
601975,2020,annual,cash_flow,F132N,递延所得税资产减少,145000000.0,94
