stock_code,year,period,statement_type,field_code,field_name,value,display_order
601988,2022,annual,cash_flow,F126N,无形资产摊销,236725000000.0,88
601988,2022,annual,cash_flow,F127N,长期待摊费用摊销,103958999999.99998,89
601988,2022,annual,cash_flow,F128N,处置固定资产损失,22190000000.0,90
601988,2022,annual,cash_flow,F131N,投资损失,17873000000.0,93
601988,2022,annual,cash_flow,F132N,递延所得税资产减少,-2440000000.0,94
601988,2022,annual,cash_flow,F133N,递延所得税负债增加,-22363000000.0,95
601988,2022,annual,cash_flow,F134N,存货的减少,9783000000.0,96
601988,2022,annual,cash_flow,F137N,其他,-21855000000.0,99
601988,2021,annual,cash_flow,F126N,无形资产摊销,227339000000.0,88
601988,2021,annual,cash_flow,F127N,长期待摊费用摊销,104220000000.0,89
601988,2021,annual,cash_flow,F128N,处置固定资产损失,22428000000.0,90
601988,2021,annual,cash_flow,F131N,投资损失,-12717000000.0,93
601988,2021,annual,cash_flow,F132N,递延所得税资产减少,-4841000000.0,94
601988,2021,annual,cash_flow,F133N,递延所得税负债增加,20816000000.0,95
601988,2021,annual,cash_flow,F134N,存货的减少,-14172999999.999998,96
601988,2021,annual,cash_flow,F137N,其他,843258000000.0,99
601988,2020,annual,cash_flow,F126N,无形资产摊销,205096000000.0,88
601988,2020,annual,cash_flow,F127N,长期待摊费用摊销,119016000000.00002,89
601988,2020,annual,cash_flow,F128N,处置固定资产损失,22441000000.0,90
601988,2020,annual,cash_flow,F131N,投资损失,-1327000000.0,93
601988,2020,annual,cash_flow,F132N,递延所得税资产减少,-9353000000.0,94
601988,2020,annual,cash_flow,F133N,递延所得税负债增加,-34897000000.0,95
601988,2020,annual,cash_flow,F134N,存货的减少,20467000000.0,96
601988,2020,annual,cash_flow,F137N,其他,73028000000.0,99
