stock_code,year,period,statement_type,field_code,field_name,value,display_order
603020,2022,annual,cash_flow,F123N,净利润,313000000.0,85
603020,2022,annual,cash_flow,F126N,无形资产摊销,125000000.0,88
603020,2022,annual,cash_flow,F137N,其他,-132000000.0,99
603020,2021,annual,cash_flow,F123N,净利润,247000000.00000003,85
603020,2021,annual,cash_flow,F126N,无形资产摊销,247000000.00000003,88
603020,2021,annual,cash_flow,F137N,其他,-124000000.0,99
603020,2020,annual,cash_flow,F123N,净利润,260000000.0,85
603020,2020,annual,cash_flow,F126N,无形资产摊销,190000000.0,88
