stock_code,year,period,statement_type,field_code,field_name,value,display_order
603185,2022,annual,cash_flow,F123N,净利润,3033000000.0,85
603185,2022,annual,cash_flow,F124N,资产减值准备,354000000.0,86
603185,2022,annual,cash_flow,F125N,固定资产折旧,401000000.0,87
603185,2022,annual,cash_flow,F130N,公允价值变动损失,-412000000.0,92
603185,2022,annual,cash_flow,F132N,递延所得税资产减少,-140000000.0,94
603185,2022,annual,cash_flow,F133N,递延所得税负债增加,112999999.99999999,95
603185,2022,annual,cash_flow,F134N,存货的减少,782000000.0,96
603185,2022,annual,cash_flow,F135N,经营性应收项目的减少,-2808000000.0,97
603185,2022,annual,cash_flow,F136N,经营性应付项目的增加,1376000000.0,98
603185,2021,annual,cash_flow,F123N,净利润,1711000000.0,85
603185,2021,annual,cash_flow,F125N,固定资产折旧,242000000.0,87
603185,2021,annual,cash_flow,F130N,公允价值变动损失,-225000000.0,92
603185,2021,annual,cash_flow,F134N,存货的减少,-1538000000.0,96
603185,2021,annual,cash_flow,F135N,经营性应收项目的减少,-2375000000.0,97
603185,2021,annual,cash_flow,F136N,经营性应付项目的增加,3061000000.0,98
603185,2020,annual,cash_flow,F123N,净利润,530999999.99999994,85
603185,2020,annual,cash_flow,F134N,存货的减少,-365000000.0,96
603185,2020,annual,cash_flow,F135N,经营性应收项目的减少,-934000000.0,97
603185,2020,annual,cash_flow,F136N,经营性应付项目的增加,620000000.0,98
