stock_code,year,period,statement_type,field_code,field_name,value,display_order
603113,2022,annual,cash_flow,F124N,资产减值准备,723000000.0,86
603113,2022,annual,cash_flow,F127N,长期待摊费用摊销,-111000000.00000001,89
603113,2022,annual,cash_flow,F130N,公允价值变动损失,161000000.0,92
603113,2022,annual,cash_flow,F133N,递延所得税负债增加,132000000.0,95
603113,2022,annual,cash_flow,F134N,存货的减少,-3914000000.0,96
603113,2022,annual,cash_flow,F135N,经营性应收项目的减少,2207000000.0,97
603113,2022,annual,cash_flow,F137N,其他,-513000000.0,99
603113,2021,annual,cash_flow,F123N,净利润,105000000.0,85
603113,2021,annual,cash_flow,F124N,资产减值准备,495000000.0,86
603113,2021,annual,cash_flow,F133N,递延所得税负债增加,-650000000.0,95
603113,2021,annual,cash_flow,F134N,存货的减少,-184000000.0,96
603113,2021,annual,cash_flow,F135N,经营性应收项目的减少,120000000.0,97
603113,2021,annual,cash_flow,F137N,其他,823000000.0,99
603113,2020,annual,cash_flow,F124N,资产减值准备,419000000.00000006,86
603113,2020,annual,cash_flow,F134N,存货的减少,-335000000.0,96
603113,2020,annual,cash_flow,F135N,经营性应收项目的减少,241000000.0,97
603113,2020,annual,cash_flow,F137N,其他,1323000000.0,99
