stock_code,year,period,statement_type,field_code,field_name,value,display_order
603260,2022,annual,cash_flow,F123N,净利润,844999999.9999999,85
603260,2022,annual,cash_flow,F124N,资产减值准备,1822000000.0,86
603260,2022,annual,cash_flow,F127N,长期待摊费用摊销,5141000000.0,89
603260,2022,annual,cash_flow,F129N,固定资产报废损失,1594000000.0,91
603260,2022,annual,cash_flow,F132N,递延所得税资产减少,114999999.99999999,94
603260,2022,annual,cash_flow,F134N,存货的减少,340000000.0,96
603260,2022,annual,cash_flow,F137N,其他,131000000.0,99
603260,2021,annual,cash_flow,F123N,净利润,183000000.0,85
603260,2021,annual,cash_flow,F124N,资产减值准备,844999999.9999999,86
603260,2021,annual,cash_flow,F127N,长期待摊费用摊销,8244000000.0,89
603260,2021,annual,cash_flow,F129N,固定资产报废损失,1255000000.0,91
603260,2021,annual,cash_flow,F134N,存货的减少,193000000.0,96
603260,2021,annual,cash_flow,F136N,经营性应付项目的增加,-336000000.0,98
603260,2020,annual,cash_flow,F123N,净利润,227999999.99999997,85
603260,2020,annual,cash_flow,F124N,资产减值准备,183000000.0,86
603260,2020,annual,cash_flow,F127N,长期待摊费用摊销,1413000000.0,89
603260,2020,annual,cash_flow,F129N,固定资产报废损失,1087000000.0,91
603260,2020,annual,cash_flow,F134N,存货的减少,241000000.0,96
