stock_code,year,period,statement_type,field_code,field_name,value,display_order
603306,2022,annual,cash_flow,F123N,净利润,195000000.0,85
603306,2022,annual,cash_flow,F125N,固定资产折旧,105000000.0,87
603306,2022,annual,cash_flow,F134N,存货的减少,-114999999.99999999,96
603306,2022,annual,cash_flow,F135N,经营性应收项目的减少,-436000000.00000006,97
603306,2022,annual,cash_flow,F136N,经营性应付项目的增加,161000000.0,98
603306,2021,annual,cash_flow,F123N,净利润,175000000.0,85
603306,2021,annual,cash_flow,F135N,经营性应收项目的减少,-134000000.00000001,97
603306,2020,annual,cash_flow,F123N,净利润,200999999.99999997,85
603306,2020,annual,cash_flow,F127N,长期待摊费用摊销,400.0,89
